item_type,time_interval,reliability_level,budget,units_fulfilled,unique_id,cum_units_fulfilled,incoming_demand,cum_demand,1,2,3,4,5,6,7,8,9,10,11,12
1,1,0.5,100000,17500,0,17500,17500,17500,17500,3418.86117,0,0,0,0,0,0,0,0,0,0
1,2,0.5,100000,17500,0,35000,19250,36750,0,14081.13883,8929.608457,0,0,0,0,0,0,0,0,0
1,3,0.5,100000,10750,0,45750,21000,57750,0,0,1820.391543,13250,0,0,0,0,0,0,0,0
1,4,0.5,100000,13250,0,59000,35000,92750,0,0,0,0,0,0,0,0,0,0,0,0
1,5,0.5,100000,0,0,59000,38500,131250,0,0,0,0,0,0,0,0,0,0,0,0
1,6,0.5,100000,0,0,59000,52500,183750,0,0,0,0,0,0,0,0,0,0,0,0
1,7,0.5,100000,0,0,59000,56000,239750,0,0,0,0,0,0,0,0,0,0,0,0
1,8,0.5,100000,0,0,59000,42000,281750,0,0,0,0,0,0,0,0,0,0,0,0
1,9,0.5,100000,0,0,59000,38500,320250,0,0,0,0,0,0,0,0,0,0,0,0
1,10,0.5,100000,0,0,59000,29750,350000,0,0,0,0,0,0,0,0,0,0,0,0
1,11,0.5,100000,0,0,59000,28000,378000,0,0,0,0,0,0,0,0,0,0,0,0
1,12,0.5,100000,0,0,59000,28000,406000,0,0,0,0,0,0,0,0,0,0,0,0
1,1,0.5,200000,17500,1,17500,17500,17500,17500,3418.86117,0,0,0,0,0,0,0,0,0,0
1,2,0.5,200000,17500,1,35000,19250,36750,0,14081.13883,8929.608457,0,0,0,0,0,0,0,0,0
1,3,0.5,200000,22750,1,57750,21000,57750,0,0,13820.39154,11282.24186,0,0,0,0,0,0,0,0
1,4,0.5,200000,26500,1,84250,35000,92750,0,0,0,15217.75814,13750,0,0,0,0,0,0,0
1,5,0.5,200000,13750,1,98000,38500,131250,0,0,0,0,0,0,0,0,0,0,0,0
1,6,0.5,200000,0,1,98000,52500,183750,0,0,0,0,0,0,0,0,0,0,0,0
1,7,0.5,200000,0,1,98000,56000,239750,0,0,0,0,0,0,0,0,0,0,0,0
1,8,0.5,200000,0,1,98000,42000,281750,0,0,0,0,0,0,0,0,0,0,0,0
1,9,0.5,200000,0,1,98000,38500,320250,0,0,0,0,0,0,0,0,0,0,0,0
1,10,0.5,200000,0,1,98000,29750,350000,0,0,0,0,0,0,0,0,0,0,0,0
1,11,0.5,200000,0,1,98000,28000,378000,0,0,0,0,0,0,0,0,0,0,0,0
1,12,0.5,200000,0,1,98000,28000,406000,0,0,0,0,0,0,0,0,0,0,0,0
1,1,0.5,300000,17500,2,17500,17500,17500,17500,3418.86117,0,0,0,0,0,0,0,0,0,0
1,2,0.5,300000,17500,2,35000,19250,36750,0,14081.13883,8929.608457,0,0,0,0,0,0,0,0,0
1,3,0.5,300000,22750,2,57750,21000,57750,0,0,13820.39154,11282.24186,0,0,0,0,0,0,0,0
1,4,0.5,300000,35000,2,92750,35000,92750,0,0,0,23717.75814,18119.9642,0,0,0,0,0,0,0
1,5,0.5,300000,30000,2,122750,38500,131250,0,0,0,0,11880.0358,14250,0,0,0,0,0,0
1,6,0.5,300000,14250,2,137000,52500,183750,0,0,0,0,0,0,0,0,0,0,0,0
1,7,0.5,300000,0,2,137000,56000,239750,0,0,0,0,0,0,0,0,0,0,0,0
1,8,0.5,300000,0,2,137000,42000,281750,0,0,0,0,0,0,0,0,0,0,0,0
1,9,0.5,300000,0,2,137000,38500,320250,0,0,0,0,0,0,0,0,0,0,0,0
1,10,0.5,300000,0,2,137000,29750,350000,0,0,0,0,0,0,0,0,0,0,0,0
1,11,0.5,300000,0,2,137000,28000,378000,0,0,0,0,0,0,0,0,0,0,0,0
1,12,0.5,300000,0,2,137000,28000,406000,0,0,0,0,0,0,0,0,0,0,0,0
1,1,0.5,400000,17500,3,17500,17500,17500,17500,3418.86117,0,0,0,0,0,0,0,0,0,0
1,2,0.5,400000,17500,3,35000,19250,36750,0,14081.13883,8929.608457,0,0,0,0,0,0,0,0,0
1,3,0.5,400000,22750,3,57750,21000,57750,0,0,13820.39154,11282.24186,0,0,0,0,0,0,0,0
1,4,0.5,400000,35000,3,92750,35000,92750,0,0,0,23717.75814,18119.9642,0,0,0,0,0,0,0
1,5,0.5,400000,38500,3,131250,38500,131250,0,0,0,0,20380.0358,25641.45877,0,0,0,0,0,0
1,6,0.5,400000,28000,3,159250,52500,183750,0,0,0,0,0,2358.541226,12750,0,0,0,0,0
1,7,0.5,400000,12750,3,172000,56000,239750,0,0,0,0,0,0,0,0,0,0,0,0
1,8,0.5,400000,0,3,172000,42000,281750,0,0,0,0,0,0,0,0,0,0,0,0
1,9,0.5,400000,0,3,172000,38500,320250,0,0,0,0,0,0,0,0,0,0,0,0
1,10,0.5,400000,0,3,172000,29750,350000,0,0,0,0,0,0,0,0,0,0,0,0
1,11,0.5,400000,0,3,172000,28000,378000,0,0,0,0,0,0,0,0,0,0,0,0
1,12,0.5,400000,0,3,172000,28000,406000,0,0,0,0,0,0,0,0,0,0,0,0
1,1,0.5,500000,17500,4,17500,17500,17500,17500,3418.86117,0,0,0,0,0,0,0,0,0,0
1,2,0.5,500000,17500,4,35000,19250,36750,0,14081.13883,8929.608457,0,0,0,0,0,0,0,0,0
1,3,0.5,500000,22750,4,57750,21000,57750,0,0,13820.39154,11282.24186,0,0,0,0,0,0,0,0
1,4,0.5,500000,35000,4,92750,35000,92750,0,0,0,23717.75814,18119.9642,0,0,0,0,0,0,0
1,5,0.5,500000,38500,4,131250,38500,131250,0,0,0,0,20380.0358,25641.45877,0,0,0,0,0,0
1,6,0.5,500000,52500,4,183750,52500,183750,0,0,0,0,0,26858.54123,16583.33333,0,0,0,0,0
1,7,0.5,500000,16583.33333,4,200333.3333,56000,239750,0,0,0,0,0,0,0,0,0,0,0,0
1,8,0.5,500000,0,4,200333.3333,42000,281750,0,0,0,0,0,0,0,0,0,0,0,0
1,9,0.5,500000,0,4,200333.3333,38500,320250,0,0,0,0,0,0,0,0,0,0,0,0
1,10,0.5,500000,0,4,200333.3333,29750,350000,0,0,0,0,0,0,0,0,0,0,0,0
1,11,0.5,500000,0,4,200333.3333,28000,378000,0,0,0,0,0,0,0,0,0,0,0,0
1,12,0.5,500000,0,4,200333.3333,28000,406000,0,0,0,0,0,0,0,0,0,0,0,0
1,1,0.5,600000,17500,5,17500,17500,17500,17500,3418.86117,0,0,0,0,0,0,0,0,0,0
1,2,0.5,600000,17500,5,35000,19250,36750,0,14081.13883,8929.608457,0,0,0,0,0,0,0,0,0
1,3,0.5,600000,22750,5,57750,21000,57750,0,0,13820.39154,11282.24186,0,0,0,0,0,0,0,0
1,4,0.5,600000,35000,5,92750,35000,92750,0,0,0,23717.75814,18119.9642,0,0,0,0,0,0,0
1,5,0.5,600000,38500,5,131250,38500,131250,0,0,0,0,20380.0358,25641.45877,0,0,0,0,0,0
1,6,0.5,600000,52500,5,183750,52500,183750,0,0,0,0,0,26858.54123,33833.33333,2064.708951,0,0,0,0
1,7,0.5,600000,33833.33333,5,217583.3333,56000,239750,0,0,0,0,0,0,0,10685.29105,0,0,0,0
1,8,0.5,600000,12750,5,230333.3333,42000,281750,0,0,0,0,0,0,0,0,0,0,0,0
1,9,0.5,600000,0,5,230333.3333,38500,320250,0,0,0,0,0,0,0,0,0,0,0,0
1,10,0.5,600000,0,5,230333.3333,29750,350000,0,0,0,0,0,0,0,0,0,0,0,0
1,11,0.5,600000,0,5,230333.3333,28000,378000,0,0,0,0,0,0,0,0,0,0,0,0
1,12,0.5,600000,0,5,230333.3333,28000,406000,0,0,0,0,0,0,0,0,0,0,0,0
1,1,0.5,700000,17500,6,17500,17500,17500,17500,3418.86117,0,0,0,0,0,0,0,0,0,0
1,2,0.5,700000,17500,6,35000,19250,36750,0,14081.13883,8929.608457,0,0,0,0,0,0,0,0,0
1,3,0.5,700000,22750,6,57750,21000,57750,0,0,13820.39154,11282.24186,0,0,0,0,0,0,0,0
1,4,0.5,700000,35000,6,92750,35000,92750,0,0,0,23717.75814,18119.9642,0,0,0,0,0,0,0
1,5,0.5,700000,38500,6,131250,38500,131250,0,0,0,0,20380.0358,25641.45877,0,0,0,0,0,0
1,6,0.5,700000,52500,6,183750,52500,183750,0,0,0,0,0,26858.54123,35898.04228,0,0,0,0,0
1,7,0.5,700000,56000,6,239750,56000,239750,0,0,0,0,0,0,20101.95772,12916.66667,0,0,0,0
1,8,0.5,700000,12916.66667,6,252666.6667,42000,281750,0,0,0,0,0,0,0,0,0,0,0,0
1,9,0.5,700000,0,6,252666.6667,38500,320250,0,0,0,0,0,0,0,0,0,0,0,0
1,10,0.5,700000,0,6,252666.6667,29750,350000,0,0,0,0,0,0,0,0,0,0,0,0
1,11,0.5,700000,0,6,252666.6667,28000,378000,0,0,0,0,0,0,0,0,0,0,0,0
1,12,0.5,700000,0,6,252666.6667,28000,406000,0,0,0,0,0,0,0,0,0,0,0,0
1,1,0.5,800000,17500,7,17500,17500,17500,17500,3418.86117,0,0,0,0,0,0,0,0,0,0
1,2,0.5,800000,17500,7,35000,19250,36750,0,14081.13883,8929.608457,0,0,0,0,0,0,0,0,0
1,3,0.5,800000,22750,7,57750,21000,57750,0,0,13820.39154,11282.24186,0,0,0,0,0,0,0,0
1,4,0.5,800000,35000,7,92750,35000,92750,0,0,0,23717.75814,18119.9642,0,0,0,0,0,0,0
1,5,0.5,800000,38500,7,131250,38500,131250,0,0,0,0,20380.0358,25641.45877,0,0,0,0,0,0
1,6,0.5,800000,52500,7,183750,52500,183750,0,0,0,0,0,26858.54123,35898.04228,0,0,0,0,0
1,7,0.5,800000,56000,7,239750,56000,239750,0,0,0,0,0,0,20101.95772,33166.66667,12750,0,0,0
1,8,0.5,800000,33166.66667,7,272916.6667,42000,281750,0,0,0,0,0,0,0,0,0,0,0,0
1,9,0.5,800000,12750,7,285666.6667,38500,320250,0,0,0,0,0,0,0,0,0,0,0,0
1,10,0.5,800000,0,7,285666.6667,29750,350000,0,0,0,0,0,0,0,0,0,0,0,0
1,11,0.5,800000,0,7,285666.6667,28000,378000,0,0,0,0,0,0,0,0,0,0,0,0
1,12,0.5,800000,0,7,285666.6667,28000,406000,0,0,0,0,0,0,0,0,0,0,0,0
1,1,0.5,900000,17500,8,17500,17500,17500,17500,3418.86117,0,0,0,0,0,0,0,0,0,0
1,2,0.5,900000,17500,8,35000,19250,36750,0,14081.13883,8929.608457,0,0,0,0,0,0,0,0,0
1,3,0.5,900000,22750,8,57750,21000,57750,0,0,13820.39154,11282.24186,0,0,0,0,0,0,0,0
1,4,0.5,900000,35000,8,92750,35000,92750,0,0,0,23717.75814,18119.9642,0,0,0,0,0,0,0
1,5,0.5,900000,38500,8,131250,38500,131250,0,0,0,0,20380.0358,25641.45877,0,0,0,0,0,0
1,6,0.5,900000,52500,8,183750,52500,183750,0,0,0,0,0,26858.54123,35898.04228,0,0,0,0,0
1,7,0.5,900000,56000,8,239750,56000,239750,0,0,0,0,0,0,20101.95772,42000,4838.398028,0,0,0
1,8,0.5,900000,42000,8,281750,42000,281750,0,0,0,0,0,0,0,0,15411.60197,0,0,0
1,9,0.5,900000,20250,8,302000,38500,320250,0,0,0,0,0,0,0,0,0,0,0,0
1,10,0.5,900000,0,8,302000,29750,350000,0,0,0,0,0,0,0,0,0,0,0,0
1,11,0.5,900000,0,8,302000,28000,378000,0,0,0,0,0,0,0,0,0,0,0,0
1,12,0.5,900000,0,8,302000,28000,406000,0,0,0,0,0,0,0,0,0,0,0,0
1,1,0.5,1000000,17500,9,17500,17500,17500,17500,3418.86117,0,0,0,0,0,0,0,0,0,0
1,2,0.5,1000000,17500,9,35000,19250,36750,0,14081.13883,8929.608457,0,0,0,0,0,0,0,0,0
1,3,0.5,1000000,22750,9,57750,21000,57750,0,0,13820.39154,11282.24186,0,0,0,0,0,0,0,0
1,4,0.5,1000000,35000,9,92750,35000,92750,0,0,0,23717.75814,18119.9642,0,0,0,0,0,0,0
1,5,0.5,1000000,38500,9,131250,38500,131250,0,0,0,0,20380.0358,25641.45877,0,0,0,0,0,0
1,6,0.5,1000000,52500,9,183750,52500,183750,0,0,0,0,0,26858.54123,35898.04228,0,0,0,0,0
1,7,0.5,1000000,56000,9,239750,56000,239750,0,0,0,0,0,0,20101.95772,42000,4838.398028,0,0,0
1,8,0.5,1000000,42000,9,281750,42000,281750,0,0,0,0,0,0,0,0,33661.60197,12750,0,0
1,9,0.5,1000000,38500,9,320250,38500,320250,0,0,0,0,0,0,0,0,0,0,0,0
1,10,0.5,1000000,12750,9,333000,29750,350000,0,0,0,0,0,0,0,0,0,0,0,0
1,11,0.5,1000000,0,9,333000,28000,378000,0,0,0,0,0,0,0,0,0,0,0,0
1,12,0.5,1000000,0,9,333000,28000,406000,0,0,0,0,0,0,0,0,0,0,0,0
1,1,0.5,1100000,17500,10,17500,17500,17500,17500,3418.86117,0,0,0,0,0,0,0,0,0,0
1,2,0.5,1100000,17500,10,35000,19250,36750,0,14081.13883,8929.608457,0,0,0,0,0,0,0,0,0
1,3,0.5,1100000,22750,10,57750,21000,57750,0,0,13820.39154,11282.24186,0,0,0,0,0,0,0,0
1,4,0.5,1100000,35000,10,92750,35000,92750,0,0,0,23717.75814,18119.9642,0,0,0,0,0,0,0
1,5,0.5,1100000,38500,10,131250,38500,131250,0,0,0,0,20380.0358,25641.45877,0,0,0,0,0,0
1,6,0.5,1100000,52500,10,183750,52500,183750,0,0,0,0,0,26858.54123,35898.04228,0,0,0,0,0
1,7,0.5,1100000,56000,10,239750,56000,239750,0,0,0,0,0,0,20101.95772,42000,4838.398028,0,0,0
1,8,0.5,1100000,42000,10,281750,42000,281750,0,0,0,0,0,0,0,0,33661.60197,16543.66484,0,0
1,9,0.5,1100000,38500,10,320250,38500,320250,0,0,0,0,0,0,0,0,0,13206.33516,12750,0
1,10,0.5,1100000,29750,10,350000,29750,350000,0,0,0,0,0,0,0,0,0,0,0,0
1,11,0.5,1100000,12750,10,362750,28000,378000,0,0,0,0,0,0,0,0,0,0,0,0
1,12,0.5,1100000,0,10,362750,28000,406000,0,0,0,0,0,0,0,0,0,0,0,0
1,1,0.5,1200000,17500,11,17500,17500,17500,17500,3418.86117,0,0,0,0,0,0,0,0,0,0
1,2,0.5,1200000,17500,11,35000,19250,36750,0,14081.13883,8929.608457,0,0,0,0,0,0,0,0,0
1,3,0.5,1200000,22750,11,57750,21000,57750,0,0,13820.39154,11282.24186,0,0,0,0,0,0,0,0
1,4,0.5,1200000,35000,11,92750,35000,92750,0,0,0,23717.75814,18119.9642,0,0,0,0,0,0,0
1,5,0.5,1200000,38500,11,131250,38500,131250,0,0,0,0,20380.0358,25641.45877,0,0,0,0,0,0
1,6,0.5,1200000,52500,11,183750,52500,183750,0,0,0,0,0,26858.54123,35898.04228,0,0,0,0,0
1,7,0.5,1200000,56000,11,239750,56000,239750,0,0,0,0,0,0,20101.95772,42000,4838.398028,0,0,0
1,8,0.5,1200000,42000,11,281750,42000,281750,0,0,0,0,0,0,0,0,33661.60197,16543.66484,0,0
1,9,0.5,1200000,38500,11,320250,38500,320250,0,0,0,0,0,0,0,0,0,13206.33516,28000,4815.159409
1,10,0.5,1200000,29750,11,350000,29750,350000,0,0,0,0,0,0,0,0,0,0,0,7934.840591
1,11,0.5,1200000,28000,11,378000,28000,378000,0,0,0,0,0,0,0,0,0,0,0,0
1,12,0.5,1200000,12750,11,390750,28000,406000,0,0,0,0,0,0,0,0,0,0,0,0
1,1,0.5,1300000,17500,12,17500,17500,17500,17500,3418.86117,0,0,0,0,0,0,0,0,0,0
1,2,0.5,1300000,17500,12,35000,19250,36750,0,14081.13883,8929.608457,0,0,0,0,0,0,0,0,0
1,3,0.5,1300000,22750,12,57750,21000,57750,0,0,13820.39154,11282.24186,0,0,0,0,0,0,0,0
1,4,0.5,1300000,35000,12,92750,35000,92750,0,0,0,23717.75814,18119.9642,0,0,0,0,0,0,0
1,5,0.5,1300000,38500,12,131250,38500,131250,0,0,0,0,20380.0358,25641.45877,0,0,0,0,0,0
1,6,0.5,1300000,52500,12,183750,52500,183750,0,0,0,0,0,26858.54123,35898.04228,0,0,0,0,0
1,7,0.5,1300000,56000,12,239750,56000,239750,0,0,0,0,0,0,20101.95772,42000,4838.398028,0,0,0
1,8,0.5,1300000,42000,12,281750,42000,281750,0,0,0,0,0,0,0,0,33661.60197,16543.66484,0,0
1,9,0.5,1300000,38500,12,320250,38500,320250,0,0,0,0,0,0,0,0,0,13206.33516,28000,4815.159409
1,10,0.5,1300000,29750,12,350000,29750,350000,0,0,0,0,0,0,0,0,0,0,0,23184.84059
1,11,0.5,1300000,28000,12,378000,28000,378000,0,0,0,0,0,0,0,0,0,0,0,0
1,12,0.5,1300000,28000,12,406000,28000,406000,0,0,0,0,0,0,0,0,0,0,0,0
1,1,0.5,1400000,17500,13,17500,17500,17500,17500,3418.86117,0,0,0,0,0,0,0,0,0,0
1,2,0.5,1400000,17500,13,35000,19250,36750,0,14081.13883,8929.608457,0,0,0,0,0,0,0,0,0
1,3,0.5,1400000,22750,13,57750,21000,57750,0,0,13820.39154,11282.24186,0,0,0,0,0,0,0,0
1,4,0.5,1400000,35000,13,92750,35000,92750,0,0,0,23717.75814,18119.9642,0,0,0,0,0,0,0
1,5,0.5,1400000,38500,13,131250,38500,131250,0,0,0,0,20380.0358,25641.45877,0,0,0,0,0,0
1,6,0.5,1400000,52500,13,183750,52500,183750,0,0,0,0,0,26858.54123,35898.04228,0,0,0,0,0
1,7,0.5,1400000,56000,13,239750,56000,239750,0,0,0,0,0,0,20101.95772,42000,4838.398028,0,0,0
1,8,0.5,1400000,42000,13,281750,42000,281750,0,0,0,0,0,0,0,0,33661.60197,16543.66484,0,0
1,9,0.5,1400000,38500,13,320250,38500,320250,0,0,0,0,0,0,0,0,0,13206.33516,28000,4815.159409
1,10,0.5,1400000,29750,13,350000,29750,350000,0,0,0,0,0,0,0,0,0,0,0,23184.84059
1,11,0.5,1400000,28000,13,378000,28000,378000,0,0,0,0,0,0,0,0,0,0,0,0
1,12,0.5,1400000,28000,13,406000,28000,406000,0,0,0,0,0,0,0,0,0,0,0,0
1,1,0.5,1500000,17500,14,17500,17500,17500,17500,3418.86117,0,0,0,0,0,0,0,0,0,0
1,2,0.5,1500000,17500,14,35000,19250,36750,0,14081.13883,8929.608457,0,0,0,0,0,0,0,0,0
1,3,0.5,1500000,22750,14,57750,21000,57750,0,0,13820.39154,11282.24186,0,0,0,0,0,0,0,0
1,4,0.5,1500000,35000,14,92750,35000,92750,0,0,0,23717.75814,18119.9642,0,0,0,0,0,0,0
1,5,0.5,1500000,38500,14,131250,38500,131250,0,0,0,0,20380.0358,25641.45877,0,0,0,0,0,0
1,6,0.5,1500000,52500,14,183750,52500,183750,0,0,0,0,0,26858.54123,35898.04228,0,0,0,0,0
1,7,0.5,1500000,56000,14,239750,56000,239750,0,0,0,0,0,0,20101.95772,42000,4838.398028,0,0,0
1,8,0.5,1500000,42000,14,281750,42000,281750,0,0,0,0,0,0,0,0,33661.60197,16543.66484,0,0
1,9,0.5,1500000,38500,14,320250,38500,320250,0,0,0,0,0,0,0,0,0,13206.33516,28000,4815.159409
1,10,0.5,1500000,29750,14,350000,29750,350000,0,0,0,0,0,0,0,0,0,0,0,23184.84059
1,11,0.5,1500000,28000,14,378000,28000,378000,0,0,0,0,0,0,0,0,0,0,0,0
1,12,0.5,1500000,28000,14,406000,28000,406000,0,0,0,0,0,0,0,0,0,0,0,0
1,1,0.5,1600000,17500,15,17500,17500,17500,17500,3418.86117,0,0,0,0,0,0,0,0,0,0
1,2,0.5,1600000,17500,15,35000,19250,36750,0,14081.13883,8929.608457,0,0,0,0,0,0,0,0,0
1,3,0.5,1600000,22750,15,57750,21000,57750,0,0,13820.39154,11282.24186,0,0,0,0,0,0,0,0
1,4,0.5,1600000,35000,15,92750,35000,92750,0,0,0,23717.75814,18119.9642,0,0,0,0,0,0,0
1,5,0.5,1600000,38500,15,131250,38500,131250,0,0,0,0,20380.0358,25641.45877,0,0,0,0,0,0
1,6,0.5,1600000,52500,15,183750,52500,183750,0,0,0,0,0,26858.54123,35898.04228,0,0,0,0,0
1,7,0.5,1600000,56000,15,239750,56000,239750,0,0,0,0,0,0,20101.95772,42000,4838.398028,0,0,0
1,8,0.5,1600000,42000,15,281750,42000,281750,0,0,0,0,0,0,0,0,33661.60197,16543.66484,0,0
1,9,0.5,1600000,38500,15,320250,38500,320250,0,0,0,0,0,0,0,0,0,13206.33516,28000,4815.159409
1,10,0.5,1600000,29750,15,350000,29750,350000,0,0,0,0,0,0,0,0,0,0,0,23184.84059
1,11,0.5,1600000,28000,15,378000,28000,378000,0,0,0,0,0,0,0,0,0,0,0,0
1,12,0.5,1600000,28000,15,406000,28000,406000,0,0,0,0,0,0,0,0,0,0,0,0
1,1,0.75,100000,18964.46609,16,18964.46609,18964.46609,18964.46609,18964.46609,1954.395076,0,0,0,0,0,0,0,0,0,0
1,2,0.75,100000,16035.53391,16,35000,20860.9127,39825.3788,0,14081.13883,8929.608457,0,0,0,0,0,0,0,0,0
1,3,0.75,100000,10750,16,45750,22757.35931,62582.73811,0,0,1820.391543,13250,0,0,0,0,0,0,0,0
1,4,0.75,100000,13250,16,59000,37928.93219,100511.6703,0,0,0,0,0,0,0,0,0,0,0,0
1,5,0.75,100000,0,16,59000,41721.82541,142233.4957,0,0,0,0,0,0,0,0,0,0,0,0
1,6,0.75,100000,0,16,59000,56893.39828,199126.894,0,0,0,0,0,0,0,0,0,0,0,0
1,7,0.75,100000,0,16,59000,60686.2915,259813.1855,0,0,0,0,0,0,0,0,0,0,0,0
1,8,0.75,100000,0,16,59000,45514.71863,305327.9041,0,0,0,0,0,0,0,0,0,0,0,0
1,9,0.75,100000,0,16,59000,41721.82541,347049.7295,0,0,0,0,0,0,0,0,0,0,0,0
1,10,0.75,100000,0,16,59000,32239.59236,379289.3219,0,0,0,0,0,0,0,0,0,0,0,0
1,11,0.75,100000,0,16,59000,30343.14575,409632.4676,0,0,0,0,0,0,0,0,0,0,0,0
1,12,0.75,100000,0,16,59000,30343.14575,439975.6134,0,0,0,0,0,0,0,0,0,0,0,0
1,1,0.75,200000,18964.46609,17,18964.46609,18964.46609,18964.46609,18964.46609,1954.395076,0,0,0,0,0,0,0,0,0,0
1,2,0.75,200000,16035.53391,17,35000,20860.9127,39825.3788,0,14081.13883,8929.608457,0,0,0,0,0,0,0,0,0
1,3,0.75,200000,24250,17,59250,22757.35931,62582.73811,0,0,15320.39154,9782.241861,0,0,0,0,0,0,0,0
1,4,0.75,200000,25000,17,84250,37928.93219,100511.6703,0,0,0,15217.75814,13750,0,0,0,0,0,0,0
1,5,0.75,200000,13750,17,98000,41721.82541,142233.4957,0,0,0,0,0,0,0,0,0,0,0,0
1,6,0.75,200000,0,17,98000,56893.39828,199126.894,0,0,0,0,0,0,0,0,0,0,0,0
1,7,0.75,200000,0,17,98000,60686.2915,259813.1855,0,0,0,0,0,0,0,0,0,0,0,0
1,8,0.75,200000,0,17,98000,45514.71863,305327.9041,0,0,0,0,0,0,0,0,0,0,0,0
1,9,0.75,200000,0,17,98000,41721.82541,347049.7295,0,0,0,0,0,0,0,0,0,0,0,0
1,10,0.75,200000,0,17,98000,32239.59236,379289.3219,0,0,0,0,0,0,0,0,0,0,0,0
1,11,0.75,200000,0,17,98000,30343.14575,409632.4676,0,0,0,0,0,0,0,0,0,0,0,0
1,12,0.75,200000,0,17,98000,30343.14575,439975.6134,0,0,0,0,0,0,0,0,0,0,0,0
1,1,0.75,300000,18964.46609,18,18964.46609,18964.46609,18964.46609,18964.46609,1954.395076,0,0,0,0,0,0,0,0,0,0
1,2,0.75,300000,16035.53391,18,35000,20860.9127,39825.3788,0,14081.13883,8929.608457,0,0,0,0,0,0,0,0,0
1,3,0.75,300000,24250,18,59250,22757.35931,62582.73811,0,0,15320.39154,9782.241861,0,0,0,0,0,0,0,0
1,4,0.75,300000,37000,18,96250,37928.93219,100511.6703,0,0,0,27217.75814,14619.9642,0,0,0,0,0,0,0
1,5,0.75,300000,26500,18,122750,41721.82541,142233.4957,0,0,0,0,11880.0358,14250,0,0,0,0,0,0
1,6,0.75,300000,14250,18,137000,56893.39828,199126.894,0,0,0,0,0,0,0,0,0,0,0,0
1,7,0.75,300000,0,18,137000,60686.2915,259813.1855,0,0,0,0,0,0,0,0,0,0,0,0
1,8,0.75,300000,0,18,137000,45514.71863,305327.9041,0,0,0,0,0,0,0,0,0,0,0,0
1,9,0.75,300000,0,18,137000,41721.82541,347049.7295,0,0,0,0,0,0,0,0,0,0,0,0
1,10,0.75,300000,0,18,137000,32239.59236,379289.3219,0,0,0,0,0,0,0,0,0,0,0,0
1,11,0.75,300000,0,18,137000,30343.14575,409632.4676,0,0,0,0,0,0,0,0,0,0,0,0
1,12,0.75,300000,0,18,137000,30343.14575,439975.6134,0,0,0,0,0,0,0,0,0,0,0,0
1,1,0.75,400000,18964.46609,19,18964.46609,18964.46609,18964.46609,18964.46609,1954.395076,0,0,0,0,0,0,0,0,0,0
1,2,0.75,400000,16035.53391,19,35000,20860.9127,39825.3788,0,14081.13883,8929.608457,0,0,0,0,0,0,0,0,0
1,3,0.75,400000,24250,19,59250,22757.35931,62582.73811,0,0,15320.39154,9782.241861,0,0,0,0,0,0,0,0
1,4,0.75,400000,37000,19,96250,37928.93219,100511.6703,0,0,0,27217.75814,14619.9642,0,0,0,0,0,0,0
1,5,0.75,400000,43833.33333,19,140083.3333,41721.82541,142233.4957,0,0,0,0,29213.36913,16808.12544,0,0,0,0,0,0
1,6,0.75,400000,24583.33333,19,164666.6667,56893.39828,199126.894,0,0,0,0,0,7775.207892,0,0,0,0,0,0
1,7,0.75,400000,0,19,164666.6667,60686.2915,259813.1855,0,0,0,0,0,0,0,0,0,0,0,0
1,8,0.75,400000,0,19,164666.6667,45514.71863,305327.9041,0,0,0,0,0,0,0,0,0,0,0,0
1,9,0.75,400000,0,19,164666.6667,41721.82541,347049.7295,0,0,0,0,0,0,0,0,0,0,0,0
1,10,0.75,400000,0,19,164666.6667,32239.59236,379289.3219,0,0,0,0,0,0,0,0,0,0,0,0
1,11,0.75,400000,0,19,164666.6667,30343.14575,409632.4676,0,0,0,0,0,0,0,0,0,0,0,0
1,12,0.75,400000,0,19,164666.6667,30343.14575,439975.6134,0,0,0,0,0,0,0,0,0,0,0,0
1,1,0.75,500000,18964.46609,20,18964.46609,18964.46609,18964.46609,18964.46609,1954.395076,0,0,0,0,0,0,0,0,0,0
1,2,0.75,500000,16035.53391,20,35000,20860.9127,39825.3788,0,14081.13883,8929.608457,0,0,0,0,0,0,0,0,0
1,3,0.75,500000,24250,20,59250,22757.35931,62582.73811,0,0,15320.39154,9782.241861,0,0,0,0,0,0,0,0
1,4,0.75,500000,37000,20,96250,37928.93219,100511.6703,0,0,0,27217.75814,14619.9642,0,0,0,0,0,0,0
1,5,0.75,500000,45983.49571,20,142233.4957,41721.82541,142233.4957,0,0,0,0,31363.5315,14657.96307,0,0,0,0,0,0
1,6,0.75,500000,41033.00859,20,183266.5043,56893.39828,199126.894,0,0,0,0,0,26375.04552,16099.83763,0,0,0,0,0
1,7,0.75,500000,16099.83763,20,199366.3419,60686.2915,259813.1855,0,0,0,0,0,0,0,0,0,0,0,0
1,8,0.75,500000,0,20,199366.3419,45514.71863,305327.9041,0,0,0,0,0,0,0,0,0,0,0,0
1,9,0.75,500000,0,20,199366.3419,41721.82541,347049.7295,0,0,0,0,0,0,0,0,0,0,0,0
1,10,0.75,500000,0,20,199366.3419,32239.59236,379289.3219,0,0,0,0,0,0,0,0,0,0,0,0
1,11,0.75,500000,0,20,199366.3419,30343.14575,409632.4676,0,0,0,0,0,0,0,0,0,0,0,0
1,12,0.75,500000,0,20,199366.3419,30343.14575,439975.6134,0,0,0,0,0,0,0,0,0,0,0,0
1,1,0.75,600000,18964.46609,21,18964.46609,18964.46609,18964.46609,18964.46609,1954.395076,0,0,0,0,0,0,0,0,0,0
1,2,0.75,600000,16035.53391,21,35000,20860.9127,39825.3788,0,14081.13883,8929.608457,0,0,0,0,0,0,0,0,0
1,3,0.75,600000,24250,21,59250,22757.35931,62582.73811,0,0,15320.39154,9782.241861,0,0,0,0,0,0,0,0
1,4,0.75,600000,37000,21,96250,37928.93219,100511.6703,0,0,0,27217.75814,14619.9642,0,0,0,0,0,0,0
1,5,0.75,600000,45983.49571,21,142233.4957,41721.82541,142233.4957,0,0,0,0,31363.5315,14657.96307,0,0,0,0,0,0
1,6,0.75,600000,56683.17096,21,198916.6667,56893.39828,199126.894,0,0,0,0,0,42025.20789,20731.37562,0,0,0,0,0
1,7,0.75,600000,25416.66667,21,224333.3333,60686.2915,259813.1855,0,0,0,0,0,0,4685.291049,0,0,0,0,0
1,8,0.75,600000,0,21,224333.3333,45514.71863,305327.9041,0,0,0,0,0,0,0,0,0,0,0,0
1,9,0.75,600000,0,21,224333.3333,41721.82541,347049.7295,0,0,0,0,0,0,0,0,0,0,0,0
1,10,0.75,600000,0,21,224333.3333,32239.59236,379289.3219,0,0,0,0,0,0,0,0,0,0,0,0
1,11,0.75,600000,0,21,224333.3333,30343.14575,409632.4676,0,0,0,0,0,0,0,0,0,0,0,0
1,12,0.75,600000,0,21,224333.3333,30343.14575,439975.6134,0,0,0,0,0,0,0,0,0,0,0,0
1,1,0.75,700000,18964.46609,22,18964.46609,18964.46609,18964.46609,18964.46609,1954.395076,0,0,0,0,0,0,0,0,0,0
1,2,0.75,700000,16035.53391,22,35000,20860.9127,39825.3788,0,14081.13883,8929.608457,0,0,0,0,0,0,0,0,0
1,3,0.75,700000,24250,22,59250,22757.35931,62582.73811,0,0,15320.39154,9782.241861,0,0,0,0,0,0,0,0
1,4,0.75,700000,37000,22,96250,37928.93219,100511.6703,0,0,0,27217.75814,14619.9642,0,0,0,0,0,0,0
1,5,0.75,700000,45983.49571,22,142233.4957,41721.82541,142233.4957,0,0,0,0,31363.5315,14657.96307,0,0,0,0,0,0
1,6,0.75,700000,56893.39828,22,199126.894,56893.39828,199126.894,0,0,0,0,0,42235.43521,20521.1483,0,0,0,0,0
1,7,0.75,700000,45456.43935,22,244583.3333,60686.2915,259813.1855,0,0,0,0,0,0,24935.29105,17750,0,0,0,0
1,8,0.75,700000,17750,22,262333.3333,45514.71863,305327.9041,0,0,0,0,0,0,0,0,0,0,0,0
1,9,0.75,700000,0,22,262333.3333,41721.82541,347049.7295,0,0,0,0,0,0,0,0,0,0,0,0
1,10,0.75,700000,0,22,262333.3333,32239.59236,379289.3219,0,0,0,0,0,0,0,0,0,0,0,0
1,11,0.75,700000,0,22,262333.3333,30343.14575,409632.4676,0,0,0,0,0,0,0,0,0,0,0,0
1,12,0.75,700000,0,22,262333.3333,30343.14575,439975.6134,0,0,0,0,0,0,0,0,0,0,0,0
1,1,0.75,800000,18964.46609,23,18964.46609,18964.46609,18964.46609,18964.46609,1954.395076,0,0,0,0,0,0,0,0,0,0
1,2,0.75,800000,16035.53391,23,35000,20860.9127,39825.3788,0,14081.13883,8929.608457,0,0,0,0,0,0,0,0,0
1,3,0.75,800000,24250,23,59250,22757.35931,62582.73811,0,0,15320.39154,9782.241861,0,0,0,0,0,0,0,0
1,4,0.75,800000,37000,23,96250,37928.93219,100511.6703,0,0,0,27217.75814,14619.9642,0,0,0,0,0,0,0
1,5,0.75,800000,45983.49571,23,142233.4957,41721.82541,142233.4957,0,0,0,0,31363.5315,14657.96307,0,0,0,0,0,0
1,6,0.75,800000,56893.39828,23,199126.894,56893.39828,199126.894,0,0,0,0,0,42235.43521,20521.1483,0,0,0,0,0
1,7,0.75,800000,60623.10601,23,259750,60686.2915,259813.1855,0,0,0,0,0,0,40101.95772,22250,0,0,0,0
1,8,0.75,800000,22250,23,282000,45514.71863,305327.9041,0,0,0,0,0,0,0,0,0,0,0,0
1,9,0.75,800000,0,23,282000,41721.82541,347049.7295,0,0,0,0,0,0,0,0,0,0,0,0
1,10,0.75,800000,0,23,282000,32239.59236,379289.3219,0,0,0,0,0,0,0,0,0,0,0,0
1,11,0.75,800000,0,23,282000,30343.14575,409632.4676,0,0,0,0,0,0,0,0,0,0,0,0
1,12,0.75,800000,0,23,282000,30343.14575,439975.6134,0,0,0,0,0,0,0,0,0,0,0,0
1,1,0.75,900000,18964.46609,24,18964.46609,18964.46609,18964.46609,18964.46609,1954.395076,0,0,0,0,0,0,0,0,0,0
1,2,0.75,900000,16035.53391,24,35000,20860.9127,39825.3788,0,14081.13883,8929.608457,0,0,0,0,0,0,0,0,0
1,3,0.75,900000,24250,24,59250,22757.35931,62582.73811,0,0,15320.39154,9782.241861,0,0,0,0,0,0,0,0
1,4,0.75,900000,37000,24,96250,37928.93219,100511.6703,0,0,0,27217.75814,14619.9642,0,0,0,0,0,0,0
1,5,0.75,900000,45983.49571,24,142233.4957,41721.82541,142233.4957,0,0,0,0,31363.5315,14657.96307,0,0,0,0,0,0
1,6,0.75,900000,56893.39828,24,199126.894,56893.39828,199126.894,0,0,0,0,0,42235.43521,20521.1483,0,0,0,0,0
1,7,0.75,900000,60686.2915,24,259813.1855,60686.2915,259813.1855,0,0,0,0,0,0,40165.1432,26775.21254,0,0,0,0
1,8,0.75,900000,42936.81451,24,302750,45514.71863,305327.9041,0,0,0,0,0,0,0,16161.60197,16250,0,0,0
1,9,0.75,900000,16250,24,319000,41721.82541,347049.7295,0,0,0,0,0,0,0,0,0,0,0,0
1,10,0.75,900000,0,24,319000,32239.59236,379289.3219,0,0,0,0,0,0,0,0,0,0,0,0
1,11,0.75,900000,0,24,319000,30343.14575,409632.4676,0,0,0,0,0,0,0,0,0,0,0,0
1,12,0.75,900000,0,24,319000,30343.14575,439975.6134,0,0,0,0,0,0,0,0,0,0,0,0
1,1,0.75,1000000,18964.46609,25,18964.46609,18964.46609,18964.46609,18964.46609,1954.395076,0,0,0,0,0,0,0,0,0,0
1,2,0.75,1000000,16035.53391,25,35000,20860.9127,39825.3788,0,14081.13883,8929.608457,0,0,0,0,0,0,0,0,0
1,3,0.75,1000000,24250,25,59250,22757.35931,62582.73811,0,0,15320.39154,9782.241861,0,0,0,0,0,0,0,0
1,4,0.75,1000000,37000,25,96250,37928.93219,100511.6703,0,0,0,27217.75814,14619.9642,0,0,0,0,0,0,0
1,5,0.75,1000000,45983.49571,25,142233.4957,41721.82541,142233.4957,0,0,0,0,31363.5315,14657.96307,0,0,0,0,0,0
1,6,0.75,1000000,56893.39828,25,199126.894,56893.39828,199126.894,0,0,0,0,0,42235.43521,20521.1483,0,0,0,0,0
1,7,0.75,1000000,60686.2915,25,259813.1855,60686.2915,259813.1855,0,0,0,0,0,0,40165.1432,26775.21254,0,0,0,0
1,8,0.75,1000000,45514.71863,25,305327.9041,45514.71863,305327.9041,0,0,0,0,0,0,0,18739.50609,23908.28596,7557.474764,0,0
1,9,0.75,1000000,23908.28596,25,329236.1901,41721.82541,347049.7295,0,0,0,0,0,0,0,0,0,3417.383107,0,0
1,10,0.75,1000000,10974.85787,25,340211.0479,32239.59236,379289.3219,0,0,0,0,0,0,0,0,0,0,0,0
1,11,0.75,1000000,0,25,340211.0479,30343.14575,409632.4676,0,0,0,0,0,0,0,0,0,0,0,0
1,12,0.75,1000000,0,25,340211.0479,30343.14575,439975.6134,0,0,0,0,0,0,0,0,0,0,0,0
1,1,0.75,1100000,18964.46609,26,18964.46609,18964.46609,18964.46609,18964.46609,1954.395076,0,0,0,0,0,0,0,0,0,0
1,2,0.75,1100000,16035.53391,26,35000,20860.9127,39825.3788,0,14081.13883,8929.608457,0,0,0,0,0,0,0,0,0
1,3,0.75,1100000,24250,26,59250,22757.35931,62582.73811,0,0,15320.39154,9782.241861,0,0,0,0,0,0,0,0
1,4,0.75,1100000,37000,26,96250,37928.93219,100511.6703,0,0,0,27217.75814,14619.9642,0,0,0,0,0,0,0
1,5,0.75,1100000,45983.49571,26,142233.4957,41721.82541,142233.4957,0,0,0,0,31363.5315,14657.96307,0,0,0,0,0,0
1,6,0.75,1100000,56893.39828,26,199126.894,56893.39828,199126.894,0,0,0,0,0,42235.43521,20521.1483,0,0,0,0,0
1,7,0.75,1100000,60686.2915,26,259813.1855,60686.2915,259813.1855,0,0,0,0,0,0,40165.1432,26775.21254,0,0,0,0
1,8,0.75,1100000,45514.71863,26,305327.9041,45514.71863,305327.9041,0,0,0,0,0,0,0,18739.50609,31465.76072,0,0,0
1,9,0.75,1100000,41721.82541,26,347049.7295,41721.82541,347049.7295,0,0,0,0,0,0,0,0,10256.06469,14270.16229,0,0
1,10,0.75,1100000,14270.16229,26,361319.8918,32239.59236,379289.3219,0,0,0,0,0,0,0,0,0,0,0,0
1,11,0.75,1100000,0,26,361319.8918,30343.14575,409632.4676,0,0,0,0,0,0,0,0,0,0,0,0
1,12,0.75,1100000,0,26,361319.8918,30343.14575,439975.6134,0,0,0,0,0,0,0,0,0,0,0,0
1,1,0.75,1200000,18964.46609,27,18964.46609,18964.46609,18964.46609,18964.46609,1954.395076,0,0,0,0,0,0,0,0,0,0
1,2,0.75,1200000,16035.53391,27,35000,20860.9127,39825.3788,0,14081.13883,8929.608457,0,0,0,0,0,0,0,0,0
1,3,0.75,1200000,24250,27,59250,22757.35931,62582.73811,0,0,15320.39154,9782.241861,0,0,0,0,0,0,0,0
1,4,0.75,1200000,37000,27,96250,37928.93219,100511.6703,0,0,0,27217.75814,14619.9642,0,0,0,0,0,0,0
1,5,0.75,1200000,45983.49571,27,142233.4957,41721.82541,142233.4957,0,0,0,0,31363.5315,14657.96307,0,0,0,0,0,0
1,6,0.75,1200000,56893.39828,27,199126.894,56893.39828,199126.894,0,0,0,0,0,42235.43521,20521.1483,0,0,0,0,0
1,7,0.75,1200000,60686.2915,27,259813.1855,60686.2915,259813.1855,0,0,0,0,0,0,40165.1432,26775.21254,0,0,0,0
1,8,0.75,1200000,45514.71863,27,305327.9041,45514.71863,305327.9041,0,0,0,0,0,0,0,18739.50609,31465.76072,0,0,0
1,9,0.75,1200000,41721.82541,27,347049.7295,41721.82541,347049.7295,0,0,0,0,0,0,0,0,10256.06469,32239.59236,3525.837528,0
1,10,0.75,1200000,32239.59236,27,379289.3219,32239.59236,379289.3219,0,0,0,0,0,0,0,0,0,0,9224.162472,0
1,11,0.75,1200000,12750,27,392039.3219,30343.14575,409632.4676,0,0,0,0,0,0,0,0,0,0,0,0
1,12,0.75,1200000,0,27,392039.3219,30343.14575,439975.6134,0,0,0,0,0,0,0,0,0,0,0,0
1,1,0.75,1300000,18964.46609,28,18964.46609,18964.46609,18964.46609,18964.46609,1954.395076,0,0,0,0,0,0,0,0,0,0
1,2,0.75,1300000,16035.53391,28,35000,20860.9127,39825.3788,0,14081.13883,8929.608457,0,0,0,0,0,0,0,0,0
1,3,0.75,1300000,24250,28,59250,22757.35931,62582.73811,0,0,15320.39154,9782.241861,0,0,0,0,0,0,0,0
1,4,0.75,1300000,37000,28,96250,37928.93219,100511.6703,0,0,0,27217.75814,14619.9642,0,0,0,0,0,0,0
1,5,0.75,1300000,45983.49571,28,142233.4957,41721.82541,142233.4957,0,0,0,0,31363.5315,14657.96307,0,0,0,0,0,0
1,6,0.75,1300000,56893.39828,28,199126.894,56893.39828,199126.894,0,0,0,0,0,42235.43521,20521.1483,0,0,0,0,0
1,7,0.75,1300000,60686.2915,28,259813.1855,60686.2915,259813.1855,0,0,0,0,0,0,40165.1432,26775.21254,0,0,0,0
1,8,0.75,1300000,45514.71863,28,305327.9041,45514.71863,305327.9041,0,0,0,0,0,0,0,18739.50609,31465.76072,0,0,0
1,9,0.75,1300000,41721.82541,28,347049.7295,41721.82541,347049.7295,0,0,0,0,0,0,0,0,10256.06469,32239.59236,3525.837528,0
1,10,0.75,1300000,32239.59236,28,379289.3219,32239.59236,379289.3219,0,0,0,0,0,0,0,0,0,0,26817.30822,8744.755766
1,11,0.75,1300000,30343.14575,28,409632.4676,30343.14575,409632.4676,0,0,0,0,0,0,0,0,0,0,0,4005.244234
1,12,0.75,1300000,12750,28,422382.4676,30343.14575,439975.6134,0,0,0,0,0,0,0,0,0,0,0,0
1,1,0.75,1400000,18964.46609,29,18964.46609,18964.46609,18964.46609,18964.46609,1954.395076,0,0,0,0,0,0,0,0,0,0
1,2,0.75,1400000,16035.53391,29,35000,20860.9127,39825.3788,0,14081.13883,8929.608457,0,0,0,0,0,0,0,0,0
1,3,0.75,1400000,24250,29,59250,22757.35931,62582.73811,0,0,15320.39154,9782.241861,0,0,0,0,0,0,0,0
1,4,0.75,1400000,37000,29,96250,37928.93219,100511.6703,0,0,0,27217.75814,14619.9642,0,0,0,0,0,0,0
1,5,0.75,1400000,45983.49571,29,142233.4957,41721.82541,142233.4957,0,0,0,0,31363.5315,14657.96307,0,0,0,0,0,0
1,6,0.75,1400000,56893.39828,29,199126.894,56893.39828,199126.894,0,0,0,0,0,42235.43521,20521.1483,0,0,0,0,0
1,7,0.75,1400000,60686.2915,29,259813.1855,60686.2915,259813.1855,0,0,0,0,0,0,40165.1432,26775.21254,0,0,0,0
1,8,0.75,1400000,45514.71863,29,305327.9041,45514.71863,305327.9041,0,0,0,0,0,0,0,18739.50609,31465.76072,0,0,0
1,9,0.75,1400000,41721.82541,29,347049.7295,41721.82541,347049.7295,0,0,0,0,0,0,0,0,10256.06469,32239.59236,3525.837528,0
1,10,0.75,1400000,32239.59236,29,379289.3219,32239.59236,379289.3219,0,0,0,0,0,0,0,0,0,0,26817.30822,8744.755766
1,11,0.75,1400000,30343.14575,29,409632.4676,30343.14575,409632.4676,0,0,0,0,0,0,0,0,0,0,0,21598.38998
1,12,0.75,1400000,30343.14575,29,439975.6134,30343.14575,439975.6134,0,0,0,0,0,0,0,0,0,0,0,0
1,1,0.75,1500000,18964.46609,30,18964.46609,18964.46609,18964.46609,18964.46609,1954.395076,0,0,0,0,0,0,0,0,0,0
1,2,0.75,1500000,16035.53391,30,35000,20860.9127,39825.3788,0,14081.13883,8929.608457,0,0,0,0,0,0,0,0,0
1,3,0.75,1500000,24250,30,59250,22757.35931,62582.73811,0,0,15320.39154,9782.241861,0,0,0,0,0,0,0,0
1,4,0.75,1500000,37000,30,96250,37928.93219,100511.6703,0,0,0,27217.75814,14619.9642,0,0,0,0,0,0,0
1,5,0.75,1500000,45983.49571,30,142233.4957,41721.82541,142233.4957,0,0,0,0,31363.5315,14657.96307,0,0,0,0,0,0
1,6,0.75,1500000,56893.39828,30,199126.894,56893.39828,199126.894,0,0,0,0,0,42235.43521,20521.1483,0,0,0,0,0
1,7,0.75,1500000,60686.2915,30,259813.1855,60686.2915,259813.1855,0,0,0,0,0,0,40165.1432,26775.21254,0,0,0,0
1,8,0.75,1500000,45514.71863,30,305327.9041,45514.71863,305327.9041,0,0,0,0,0,0,0,18739.50609,31465.76072,0,0,0
1,9,0.75,1500000,41721.82541,30,347049.7295,41721.82541,347049.7295,0,0,0,0,0,0,0,0,10256.06469,32239.59236,3525.837528,0
1,10,0.75,1500000,32239.59236,30,379289.3219,32239.59236,379289.3219,0,0,0,0,0,0,0,0,0,0,26817.30822,8744.755766
1,11,0.75,1500000,30343.14575,30,409632.4676,30343.14575,409632.4676,0,0,0,0,0,0,0,0,0,0,0,21598.38998
1,12,0.75,1500000,30343.14575,30,439975.6134,30343.14575,439975.6134,0,0,0,0,0,0,0,0,0,0,0,0
1,1,0.75,1600000,18964.46609,31,18964.46609,18964.46609,18964.46609,18964.46609,1954.395076,0,0,0,0,0,0,0,0,0,0
1,2,0.75,1600000,16035.53391,31,35000,20860.9127,39825.3788,0,14081.13883,8929.608457,0,0,0,0,0,0,0,0,0
1,3,0.75,1600000,24250,31,59250,22757.35931,62582.73811,0,0,15320.39154,9782.241861,0,0,0,0,0,0,0,0
1,4,0.75,1600000,37000,31,96250,37928.93219,100511.6703,0,0,0,27217.75814,14619.9642,0,0,0,0,0,0,0
1,5,0.75,1600000,45983.49571,31,142233.4957,41721.82541,142233.4957,0,0,0,0,31363.5315,14657.96307,0,0,0,0,0,0
1,6,0.75,1600000,56893.39828,31,199126.894,56893.39828,199126.894,0,0,0,0,0,42235.43521,20521.1483,0,0,0,0,0
1,7,0.75,1600000,60686.2915,31,259813.1855,60686.2915,259813.1855,0,0,0,0,0,0,40165.1432,26775.21254,0,0,0,0
1,8,0.75,1600000,45514.71863,31,305327.9041,45514.71863,305327.9041,0,0,0,0,0,0,0,18739.50609,31465.76072,0,0,0
1,9,0.75,1600000,41721.82541,31,347049.7295,41721.82541,347049.7295,0,0,0,0,0,0,0,0,10256.06469,32239.59236,3525.837528,0
1,10,0.75,1600000,32239.59236,31,379289.3219,32239.59236,379289.3219,0,0,0,0,0,0,0,0,0,0,26817.30822,8744.755766
1,11,0.75,1600000,30343.14575,31,409632.4676,30343.14575,409632.4676,0,0,0,0,0,0,0,0,0,0,0,21598.38998
1,12,0.75,1600000,30343.14575,31,439975.6134,30343.14575,439975.6134,0,0,0,0,0,0,0,0,0,0,0,0
1,1,0.75,1700000,18964.46609,32,18964.46609,18964.46609,18964.46609,18964.46609,1954.395076,0,0,0,0,0,0,0,0,0,0
1,2,0.75,1700000,16035.53391,32,35000,20860.9127,39825.3788,0,14081.13883,8929.608457,0,0,0,0,0,0,0,0,0
1,3,0.75,1700000,24250,32,59250,22757.35931,62582.73811,0,0,15320.39154,9782.241861,0,0,0,0,0,0,0,0
1,4,0.75,1700000,37000,32,96250,37928.93219,100511.6703,0,0,0,27217.75814,14619.9642,0,0,0,0,0,0,0
1,5,0.75,1700000,45983.49571,32,142233.4957,41721.82541,142233.4957,0,0,0,0,31363.5315,14657.96307,0,0,0,0,0,0
1,6,0.75,1700000,56893.39828,32,199126.894,56893.39828,199126.894,0,0,0,0,0,42235.43521,20521.1483,0,0,0,0,0
1,7,0.75,1700000,60686.2915,32,259813.1855,60686.2915,259813.1855,0,0,0,0,0,0,40165.1432,26775.21254,0,0,0,0
1,8,0.75,1700000,45514.71863,32,305327.9041,45514.71863,305327.9041,0,0,0,0,0,0,0,18739.50609,31465.76072,0,0,0
1,9,0.75,1700000,41721.82541,32,347049.7295,41721.82541,347049.7295,0,0,0,0,0,0,0,0,10256.06469,32239.59236,3525.837528,0
1,10,0.75,1700000,32239.59236,32,379289.3219,32239.59236,379289.3219,0,0,0,0,0,0,0,0,0,0,26817.30822,8744.755766
1,11,0.75,1700000,30343.14575,32,409632.4676,30343.14575,409632.4676,0,0,0,0,0,0,0,0,0,0,0,21598.38998
1,12,0.75,1700000,30343.14575,32,439975.6134,30343.14575,439975.6134,0,0,0,0,0,0,0,0,0,0,0,0
1,1,0.95,100000,20000,33,20000,20918.86117,20918.86117,20000,918.8611699,0,0,0,0,0,0,0,0,0,0
1,2,0.95,100000,15000,33,35000,23010.74729,43929.60846,0,14081.13883,8929.608457,0,0,0,0,0,0,0,0,0
1,3,0.95,100000,10750,33,45750,25102.6334,69032.24186,0,0,1820.391543,13250,0,0,0,0,0,0,0,0
1,4,0.95,100000,13250,33,59000,41837.72234,110869.9642,0,0,0,0,0,0,0,0,0,0,0,0
1,5,0.95,100000,0,33,59000,46021.49457,156891.4588,0,0,0,0,0,0,0,0,0,0,0,0
1,6,0.95,100000,0,33,59000,62756.58351,219648.0423,0,0,0,0,0,0,0,0,0,0,0,0
1,7,0.95,100000,0,33,59000,66940.35574,286588.398,0,0,0,0,0,0,0,0,0,0,0,0
1,8,0.95,100000,0,33,59000,50205.26681,336793.6648,0,0,0,0,0,0,0,0,0,0,0,0
1,9,0.95,100000,0,33,59000,46021.49457,382815.1594,0,0,0,0,0,0,0,0,0,0,0,0
1,10,0.95,100000,0,33,59000,35562.06399,418377.2234,0,0,0,0,0,0,0,0,0,0,0,0
1,11,0.95,100000,0,33,59000,33470.17787,451847.4013,0,0,0,0,0,0,0,0,0,0,0,0
1,12,0.95,100000,0,33,59000,33470.17787,485317.5791,0,0,0,0,0,0,0,0,0,0,0,0
1,1,0.95,200000,20000,34,20000,20918.86117,20918.86117,20000,918.8611699,0,0,0,0,0,0,0,0,0,0
1,2,0.95,200000,15000,34,35000,23010.74729,43929.60846,0,14081.13883,8929.608457,0,0,0,0,0,0,0,0,0
1,3,0.95,200000,24250,34,59250,25102.6334,69032.24186,0,0,15320.39154,9782.241861,0,0,0,0,0,0,0,0
1,4,0.95,200000,25000,34,84250,41837.72234,110869.9642,0,0,0,15217.75814,13750,0,0,0,0,0,0,0
1,5,0.95,200000,13750,34,98000,46021.49457,156891.4588,0,0,0,0,0,0,0,0,0,0,0,0
1,6,0.95,200000,0,34,98000,62756.58351,219648.0423,0,0,0,0,0,0,0,0,0,0,0,0
1,7,0.95,200000,0,34,98000,66940.35574,286588.398,0,0,0,0,0,0,0,0,0,0,0,0
1,8,0.95,200000,0,34,98000,50205.26681,336793.6648,0,0,0,0,0,0,0,0,0,0,0,0
1,9,0.95,200000,0,34,98000,46021.49457,382815.1594,0,0,0,0,0,0,0,0,0,0,0,0
1,10,0.95,200000,0,34,98000,35562.06399,418377.2234,0,0,0,0,0,0,0,0,0,0,0,0
1,11,0.95,200000,0,34,98000,33470.17787,451847.4013,0,0,0,0,0,0,0,0,0,0,0,0
1,12,0.95,200000,0,34,98000,33470.17787,485317.5791,0,0,0,0,0,0,0,0,0,0,0,0
1,1,0.95,300000,20000,35,20000,20918.86117,20918.86117,20000,918.8611699,0,0,0,0,0,0,0,0,0,0
1,2,0.95,300000,15000,35,35000,23010.74729,43929.60846,0,14081.13883,8929.608457,0,0,0,0,0,0,0,0,0
1,3,0.95,300000,24250,35,59250,25102.6334,69032.24186,0,0,15320.39154,9782.241861,0,0,0,0,0,0,0,0
1,4,0.95,300000,37000,35,96250,41837.72234,110869.9642,0,0,0,27217.75814,14619.9642,0,0,0,0,0,0,0
1,5,0.95,300000,26500,35,122750,46021.49457,156891.4588,0,0,0,0,11880.0358,14250,0,0,0,0,0,0
1,6,0.95,300000,14250,35,137000,62756.58351,219648.0423,0,0,0,0,0,0,0,0,0,0,0,0
1,7,0.95,300000,0,35,137000,66940.35574,286588.398,0,0,0,0,0,0,0,0,0,0,0,0
1,8,0.95,300000,0,35,137000,50205.26681,336793.6648,0,0,0,0,0,0,0,0,0,0,0,0
1,9,0.95,300000,0,35,137000,46021.49457,382815.1594,0,0,0,0,0,0,0,0,0,0,0,0
1,10,0.95,300000,0,35,137000,35562.06399,418377.2234,0,0,0,0,0,0,0,0,0,0,0,0
1,11,0.95,300000,0,35,137000,33470.17787,451847.4013,0,0,0,0,0,0,0,0,0,0,0,0
1,12,0.95,300000,0,35,137000,33470.17787,485317.5791,0,0,0,0,0,0,0,0,0,0,0,0
1,1,0.95,400000,20000,36,20000,20918.86117,20918.86117,20000,918.8611699,0,0,0,0,0,0,0,0,0,0
1,2,0.95,400000,15000,36,35000,23010.74729,43929.60846,0,14081.13883,8929.608457,0,0,0,0,0,0,0,0,0
1,3,0.95,400000,24250,36,59250,25102.6334,69032.24186,0,0,15320.39154,9782.241861,0,0,0,0,0,0,0,0
1,4,0.95,400000,37000,36,96250,41837.72234,110869.9642,0,0,0,27217.75814,14619.9642,0,0,0,0,0,0,0
1,5,0.95,400000,43833.33333,36,140083.3333,46021.49457,156891.4588,0,0,0,0,29213.36913,16808.12544,0,0,0,0,0,0
1,6,0.95,400000,24583.33333,36,164666.6667,62756.58351,219648.0423,0,0,0,0,0,7775.207892,0,0,0,0,0,0
1,7,0.95,400000,0,36,164666.6667,66940.35574,286588.398,0,0,0,0,0,0,0,0,0,0,0,0
1,8,0.95,400000,0,36,164666.6667,50205.26681,336793.6648,0,0,0,0,0,0,0,0,0,0,0,0
1,9,0.95,400000,0,36,164666.6667,46021.49457,382815.1594,0,0,0,0,0,0,0,0,0,0,0,0
1,10,0.95,400000,0,36,164666.6667,35562.06399,418377.2234,0,0,0,0,0,0,0,0,0,0,0,0
1,11,0.95,400000,0,36,164666.6667,33470.17787,451847.4013,0,0,0,0,0,0,0,0,0,0,0,0
1,12,0.95,400000,0,36,164666.6667,33470.17787,485317.5791,0,0,0,0,0,0,0,0,0,0,0,0
1,1,0.95,500000,20000,37,20000,20918.86117,20918.86117,20000,918.8611699,0,0,0,0,0,0,0,0,0,0
1,2,0.95,500000,15000,37,35000,23010.74729,43929.60846,0,14081.13883,8929.608457,0,0,0,0,0,0,0,0,0
1,3,0.95,500000,24250,37,59250,25102.6334,69032.24186,0,0,15320.39154,9782.241861,0,0,0,0,0,0,0,0
1,4,0.95,500000,37000,37,96250,41837.72234,110869.9642,0,0,0,27217.75814,14619.9642,0,0,0,0,0,0,0
1,5,0.95,500000,47500,37,143750,46021.49457,156891.4588,0,0,0,0,32880.0358,13141.45877,0,0,0,0,0,0
1,6,0.95,500000,38000,37,181750,62756.58351,219648.0423,0,0,0,0,0,24858.54123,14583.33333,0,0,0,0,0
1,7,0.95,500000,14583.33333,37,196333.3333,66940.35574,286588.398,0,0,0,0,0,0,0,0,0,0,0,0
1,8,0.95,500000,0,37,196333.3333,50205.26681,336793.6648,0,0,0,0,0,0,0,0,0,0,0,0
1,9,0.95,500000,0,37,196333.3333,46021.49457,382815.1594,0,0,0,0,0,0,0,0,0,0,0,0
1,10,0.95,500000,0,37,196333.3333,35562.06399,418377.2234,0,0,0,0,0,0,0,0,0,0,0,0
1,11,0.95,500000,0,37,196333.3333,33470.17787,451847.4013,0,0,0,0,0,0,0,0,0,0,0,0
1,12,0.95,500000,0,37,196333.3333,33470.17787,485317.5791,0,0,0,0,0,0,0,0,0,0,0,0
1,1,0.95,600000,20000,38,20000,20918.86117,20918.86117,20000,918.8611699,0,0,0,0,0,0,0,0,0,0
1,2,0.95,600000,15000,38,35000,23010.74729,43929.60846,0,14081.13883,8929.608457,0,0,0,0,0,0,0,0,0
1,3,0.95,600000,24250,38,59250,25102.6334,69032.24186,0,0,15320.39154,9782.241861,0,0,0,0,0,0,0,0
1,4,0.95,600000,37000,38,96250,41837.72234,110869.9642,0,0,0,27217.75814,14619.9642,0,0,0,0,0,0,0
1,5,0.95,600000,47500,38,143750,46021.49457,156891.4588,0,0,0,0,32880.0358,13141.45877,0,0,0,0,0,0
1,6,0.95,600000,55166.66667,38,198916.6667,62756.58351,219648.0423,0,0,0,0,0,42025.20789,20731.37562,0,0,0,0,0
1,7,0.95,600000,25416.66667,38,224333.3333,66940.35574,286588.398,0,0,0,0,0,0,4685.291049,0,0,0,0,0
1,8,0.95,600000,0,38,224333.3333,50205.26681,336793.6648,0,0,0,0,0,0,0,0,0,0,0,0
1,9,0.95,600000,0,38,224333.3333,46021.49457,382815.1594,0,0,0,0,0,0,0,0,0,0,0,0
1,10,0.95,600000,0,38,224333.3333,35562.06399,418377.2234,0,0,0,0,0,0,0,0,0,0,0,0
1,11,0.95,600000,0,38,224333.3333,33470.17787,451847.4013,0,0,0,0,0,0,0,0,0,0,0,0
1,12,0.95,600000,0,38,224333.3333,33470.17787,485317.5791,0,0,0,0,0,0,0,0,0,0,0,0
1,1,0.95,700000,20000,39,20000,20918.86117,20918.86117,20000,918.8611699,0,0,0,0,0,0,0,0,0,0
1,2,0.95,700000,15000,39,35000,23010.74729,43929.60846,0,14081.13883,8929.608457,0,0,0,0,0,0,0,0,0
1,3,0.95,700000,24250,39,59250,25102.6334,69032.24186,0,0,15320.39154,9782.241861,0,0,0,0,0,0,0,0
1,4,0.95,700000,37000,39,96250,41837.72234,110869.9642,0,0,0,27217.75814,14619.9642,0,0,0,0,0,0,0
1,5,0.95,700000,47500,39,143750,46021.49457,156891.4588,0,0,0,0,32880.0358,13141.45877,0,0,0,0,0,0
1,6,0.95,700000,61000,39,204750,62756.58351,219648.0423,0,0,0,0,0,47858.54123,14898.04228,0,0,0,0,0
1,7,0.95,700000,35000,39,239750,66940.35574,286588.398,0,0,0,0,0,0,20101.95772,11250,0,0,0,0
1,8,0.95,700000,11250,39,251000,50205.26681,336793.6648,0,0,0,0,0,0,0,0,0,0,0,0
1,9,0.95,700000,0,39,251000,46021.49457,382815.1594,0,0,0,0,0,0,0,0,0,0,0,0
1,10,0.95,700000,0,39,251000,35562.06399,418377.2234,0,0,0,0,0,0,0,0,0,0,0,0
1,11,0.95,700000,0,39,251000,33470.17787,451847.4013,0,0,0,0,0,0,0,0,0,0,0,0
1,12,0.95,700000,0,39,251000,33470.17787,485317.5791,0,0,0,0,0,0,0,0,0,0,0,0
1,1,0.95,800000,20000,40,20000,20918.86117,20918.86117,20000,918.8611699,0,0,0,0,0,0,0,0,0,0
1,2,0.95,800000,15000,40,35000,23010.74729,43929.60846,0,14081.13883,8929.608457,0,0,0,0,0,0,0,0,0
1,3,0.95,800000,24250,40,59250,25102.6334,69032.24186,0,0,15320.39154,9782.241861,0,0,0,0,0,0,0,0
1,4,0.95,800000,37000,40,96250,41837.72234,110869.9642,0,0,0,27217.75814,14619.9642,0,0,0,0,0,0,0
1,5,0.95,800000,47500,40,143750,46021.49457,156891.4588,0,0,0,0,32880.0358,13141.45877,0,0,0,0,0,0
1,6,0.95,800000,61000,40,204750,62756.58351,219648.0423,0,0,0,0,0,47858.54123,14898.04228,0,0,0,0,0
1,7,0.95,800000,55000,40,259750,66940.35574,286588.398,0,0,0,0,0,0,40101.95772,22250,0,0,0,0
1,8,0.95,800000,22250,40,282000,50205.26681,336793.6648,0,0,0,0,0,0,0,0,0,0,0,0
1,9,0.95,800000,0,40,282000,46021.49457,382815.1594,0,0,0,0,0,0,0,0,0,0,0,0
1,10,0.95,800000,0,40,282000,35562.06399,418377.2234,0,0,0,0,0,0,0,0,0,0,0,0
1,11,0.95,800000,0,40,282000,33470.17787,451847.4013,0,0,0,0,0,0,0,0,0,0,0,0
1,12,0.95,800000,0,40,282000,33470.17787,485317.5791,0,0,0,0,0,0,0,0,0,0,0,0
1,1,0.95,900000,20000,41,20000,20918.86117,20918.86117,20000,918.8611699,0,0,0,0,0,0,0,0,0,0
1,2,0.95,900000,15000,41,35000,23010.74729,43929.60846,0,14081.13883,8929.608457,0,0,0,0,0,0,0,0,0
1,3,0.95,900000,24250,41,59250,25102.6334,69032.24186,0,0,15320.39154,9782.241861,0,0,0,0,0,0,0,0
1,4,0.95,900000,37000,41,96250,41837.72234,110869.9642,0,0,0,27217.75814,14619.9642,0,0,0,0,0,0,0
1,5,0.95,900000,47500,41,143750,46021.49457,156891.4588,0,0,0,0,32880.0358,13141.45877,0,0,0,0,0,0
1,6,0.95,900000,61000,41,204750,62756.58351,219648.0423,0,0,0,0,0,47858.54123,14898.04228,0,0,0,0,0
1,7,0.95,900000,64000,41,268750,66940.35574,286588.398,0,0,0,0,0,0,49101.95772,17838.39803,0,0,0,0
1,8,0.95,900000,31750,41,300500,50205.26681,336793.6648,0,0,0,0,0,0,0,13911.60197,1500,0,0,0
1,9,0.95,900000,1500,41,302000,46021.49457,382815.1594,0,0,0,0,0,0,0,0,0,0,0,0
1,10,0.95,900000,0,41,302000,35562.06399,418377.2234,0,0,0,0,0,0,0,0,0,0,0,0
1,11,0.95,900000,0,41,302000,33470.17787,451847.4013,0,0,0,0,0,0,0,0,0,0,0,0
1,12,0.95,900000,0,41,302000,33470.17787,485317.5791,0,0,0,0,0,0,0,0,0,0,0,0
1,1,0.95,1000000,20000,42,20000,20918.86117,20918.86117,20000,918.8611699,0,0,0,0,0,0,0,0,0,0
1,2,0.95,1000000,15000,42,35000,23010.74729,43929.60846,0,14081.13883,8929.608457,0,0,0,0,0,0,0,0,0
1,3,0.95,1000000,24250,42,59250,25102.6334,69032.24186,0,0,15320.39154,9782.241861,0,0,0,0,0,0,0,0
1,4,0.95,1000000,37000,42,96250,41837.72234,110869.9642,0,0,0,27217.75814,14619.9642,0,0,0,0,0,0,0
1,5,0.95,1000000,47500,42,143750,46021.49457,156891.4588,0,0,0,0,32880.0358,13141.45877,0,0,0,0,0,0
1,6,0.95,1000000,61000,42,204750,62756.58351,219648.0423,0,0,0,0,0,47858.54123,14898.04228,0,0,0,0,0
1,7,0.95,1000000,64000,42,268750,66940.35574,286588.398,0,0,0,0,0,0,49101.95772,17838.39803,0,0,0,0
1,8,0.95,1000000,51750,42,320500,50205.26681,336793.6648,0,0,0,0,0,0,0,33911.60197,16293.66484,0,0,0
1,9,0.95,1000000,19000,42,339500,46021.49457,382815.1594,0,0,0,0,0,0,0,0,2706.335164,0,0,0
1,10,0.95,1000000,0,42,339500,35562.06399,418377.2234,0,0,0,0,0,0,0,0,0,0,0,0
1,11,0.95,1000000,0,42,339500,33470.17787,451847.4013,0,0,0,0,0,0,0,0,0,0,0,0
1,12,0.95,1000000,0,42,339500,33470.17787,485317.5791,0,0,0,0,0,0,0,0,0,0,0,0
1,1,0.95,1100000,20000,43,20000,20918.86117,20918.86117,20000,918.8611699,0,0,0,0,0,0,0,0,0,0
1,2,0.95,1100000,15000,43,35000,23010.74729,43929.60846,0,14081.13883,8929.608457,0,0,0,0,0,0,0,0,0
1,3,0.95,1100000,24250,43,59250,25102.6334,69032.24186,0,0,15320.39154,9782.241861,0,0,0,0,0,0,0,0
1,4,0.95,1100000,37000,43,96250,41837.72234,110869.9642,0,0,0,27217.75814,14619.9642,0,0,0,0,0,0,0
1,5,0.95,1100000,47500,43,143750,46021.49457,156891.4588,0,0,0,0,32880.0358,13141.45877,0,0,0,0,0,0
1,6,0.95,1100000,61000,43,204750,62756.58351,219648.0423,0,0,0,0,0,47858.54123,14898.04228,0,0,0,0,0
1,7,0.95,1100000,64000,43,268750,66940.35574,286588.398,0,0,0,0,0,0,49101.95772,17838.39803,0,0,0,0
1,8,0.95,1100000,62166.66667,43,330916.6667,50205.26681,336793.6648,0,0,0,0,0,0,0,44328.26864,5876.998169,0,0,0
1,9,0.95,1100000,29416.66667,43,360333.3333,46021.49457,382815.1594,0,0,0,0,0,0,0,0,23539.6685,0,0,0
1,10,0.95,1100000,0,43,360333.3333,35562.06399,418377.2234,0,0,0,0,0,0,0,0,0,0,0,0
1,11,0.95,1100000,0,43,360333.3333,33470.17787,451847.4013,0,0,0,0,0,0,0,0,0,0,0,0
1,12,0.95,1100000,0,43,360333.3333,33470.17787,485317.5791,0,0,0,0,0,0,0,0,0,0,0,0
1,1,0.95,1200000,20000,44,20000,20918.86117,20918.86117,20000,918.8611699,0,0,0,0,0,0,0,0,0,0
1,2,0.95,1200000,15000,44,35000,23010.74729,43929.60846,0,14081.13883,8929.608457,0,0,0,0,0,0,0,0,0
1,3,0.95,1200000,24250,44,59250,25102.6334,69032.24186,0,0,15320.39154,9782.241861,0,0,0,0,0,0,0,0
1,4,0.95,1200000,37000,44,96250,41837.72234,110869.9642,0,0,0,27217.75814,14619.9642,0,0,0,0,0,0,0
1,5,0.95,1200000,47500,44,143750,46021.49457,156891.4588,0,0,0,0,32880.0358,13141.45877,0,0,0,0,0,0
1,6,0.95,1200000,61000,44,204750,62756.58351,219648.0423,0,0,0,0,0,47858.54123,14898.04228,0,0,0,0,0
1,7,0.95,1200000,64000,44,268750,66940.35574,286588.398,0,0,0,0,0,0,49101.95772,17838.39803,0,0,0,0
1,8,0.95,1200000,64000,44,332750,50205.26681,336793.6648,0,0,0,0,0,0,0,46161.60197,4043.664836,0,0,0
1,9,0.95,1200000,46500,44,379250,46021.49457,382815.1594,0,0,0,0,0,0,0,0,42456.33516,3565.159409,0,0
1,10,0.95,1200000,16416.66667,44,395666.6667,35562.06399,418377.2234,0,0,0,0,0,0,0,0,0,12851.50726,0,0
1,11,0.95,1200000,0,44,395666.6667,33470.17787,451847.4013,0,0,0,0,0,0,0,0,0,0,0,0
1,12,0.95,1200000,0,44,395666.6667,33470.17787,485317.5791,0,0,0,0,0,0,0,0,0,0,0,0
1,1,0.95,1300000,20000,45,20000,20918.86117,20918.86117,20000,918.8611699,0,0,0,0,0,0,0,0,0,0
1,2,0.95,1300000,15000,45,35000,23010.74729,43929.60846,0,14081.13883,8929.608457,0,0,0,0,0,0,0,0,0
1,3,0.95,1300000,24250,45,59250,25102.6334,69032.24186,0,0,15320.39154,9782.241861,0,0,0,0,0,0,0,0
1,4,0.95,1300000,37000,45,96250,41837.72234,110869.9642,0,0,0,27217.75814,14619.9642,0,0,0,0,0,0,0
1,5,0.95,1300000,47500,45,143750,46021.49457,156891.4588,0,0,0,0,32880.0358,13141.45877,0,0,0,0,0,0
1,6,0.95,1300000,61000,45,204750,62756.58351,219648.0423,0,0,0,0,0,47858.54123,14898.04228,0,0,0,0,0
1,7,0.95,1300000,64000,45,268750,66940.35574,286588.398,0,0,0,0,0,0,49101.95772,17838.39803,0,0,0,0
1,8,0.95,1300000,64000,45,332750,50205.26681,336793.6648,0,0,0,0,0,0,0,46161.60197,4043.664836,0,0,0
1,9,0.95,1300000,49146.29824,45,381896.2982,46021.49457,382815.1594,0,0,0,0,0,0,0,0,45102.6334,918.8611699,0,0
1,10,0.95,1300000,35020.36843,45,416916.6667,35562.06399,418377.2234,0,0,0,0,0,0,0,0,0,34101.50726,1460.556732,0
1,11,0.95,1300000,12750,45,429666.6667,33470.17787,451847.4013,0,0,0,0,0,0,0,0,0,0,11289.44327,0
1,12,0.95,1300000,0,45,429666.6667,33470.17787,485317.5791,0,0,0,0,0,0,0,0,0,0,0,0
1,1,0.95,1400000,20000,46,20000,20918.86117,20918.86117,20000,918.8611699,0,0,0,0,0,0,0,0,0,0
1,2,0.95,1400000,15000,46,35000,23010.74729,43929.60846,0,14081.13883,8929.608457,0,0,0,0,0,0,0,0,0
1,3,0.95,1400000,24250,46,59250,25102.6334,69032.24186,0,0,15320.39154,9782.241861,0,0,0,0,0,0,0,0
1,4,0.95,1400000,37000,46,96250,41837.72234,110869.9642,0,0,0,27217.75814,14619.9642,0,0,0,0,0,0,0
1,5,0.95,1400000,47500,46,143750,46021.49457,156891.4588,0,0,0,0,32880.0358,13141.45877,0,0,0,0,0,0
1,6,0.95,1400000,61000,46,204750,62756.58351,219648.0423,0,0,0,0,0,47858.54123,14898.04228,0,0,0,0,0
1,7,0.95,1400000,64000,46,268750,66940.35574,286588.398,0,0,0,0,0,0,49101.95772,17838.39803,0,0,0,0
1,8,0.95,1400000,64000,46,332750,50205.26681,336793.6648,0,0,0,0,0,0,0,46161.60197,4043.664836,0,0,0
1,9,0.95,1400000,49146.29824,46,381896.2982,46021.49457,382815.1594,0,0,0,0,0,0,0,0,45102.6334,918.8611699,0,0
1,10,0.95,1400000,35562.06399,46,417458.3622,35562.06399,418377.2234,0,0,0,0,0,0,0,0,0,34643.20282,918.8611699,0
1,11,0.95,1400000,22840.40385,46,440298.7661,33470.17787,451847.4013,0,0,0,0,0,0,0,0,0,0,21921.54268,11548.63519
1,12,0.95,1400000,12750,46,453048.7661,33470.17787,485317.5791,0,0,0,0,0,0,0,0,0,0,0,1201.36481
1,1,0.95,1500000,20000,47,20000,20918.86117,20918.86117,20000,918.8611699,0,0,0,0,0,0,0,0,0,0
1,2,0.95,1500000,15000,47,35000,23010.74729,43929.60846,0,14081.13883,8929.608457,0,0,0,0,0,0,0,0,0
1,3,0.95,1500000,24250,47,59250,25102.6334,69032.24186,0,0,15320.39154,9782.241861,0,0,0,0,0,0,0,0
1,4,0.95,1500000,37000,47,96250,41837.72234,110869.9642,0,0,0,27217.75814,14619.9642,0,0,0,0,0,0,0
1,5,0.95,1500000,47500,47,143750,46021.49457,156891.4588,0,0,0,0,32880.0358,13141.45877,0,0,0,0,0,0
1,6,0.95,1500000,61000,47,204750,62756.58351,219648.0423,0,0,0,0,0,47858.54123,14898.04228,0,0,0,0,0
1,7,0.95,1500000,64000,47,268750,66940.35574,286588.398,0,0,0,0,0,0,49101.95772,17838.39803,0,0,0,0
1,8,0.95,1500000,64000,47,332750,50205.26681,336793.6648,0,0,0,0,0,0,0,46161.60197,4043.664836,0,0,0
1,9,0.95,1500000,49146.29824,47,381896.2982,46021.49457,382815.1594,0,0,0,0,0,0,0,0,45102.6334,918.8611699,0,0
1,10,0.95,1500000,35562.06399,47,417458.3622,35562.06399,418377.2234,0,0,0,0,0,0,0,0,0,34643.20282,918.8611699,0
1,11,0.95,1500000,33470.17787,47,450928.5401,33470.17787,451847.4013,0,0,0,0,0,0,0,0,0,0,32551.3167,918.8611699
1,12,0.95,1500000,25168.99206,47,476097.5322,33470.17787,485317.5791,0,0,0,0,0,0,0,0,0,0,0,24250.13089
1,1,0.95,1600000,20000,48,20000,20918.86117,20918.86117,20000,918.8611699,0,0,0,0,0,0,0,0,0,0
1,2,0.95,1600000,15000,48,35000,23010.74729,43929.60846,0,14081.13883,8929.608457,0,0,0,0,0,0,0,0,0
1,3,0.95,1600000,24250,48,59250,25102.6334,69032.24186,0,0,15320.39154,9782.241861,0,0,0,0,0,0,0,0
1,4,0.95,1600000,37000,48,96250,41837.72234,110869.9642,0,0,0,27217.75814,14619.9642,0,0,0,0,0,0,0
1,5,0.95,1600000,47500,48,143750,46021.49457,156891.4588,0,0,0,0,32880.0358,13141.45877,0,0,0,0,0,0
1,6,0.95,1600000,61000,48,204750,62756.58351,219648.0423,0,0,0,0,0,47858.54123,14898.04228,0,0,0,0,0
1,7,0.95,1600000,64000,48,268750,66940.35574,286588.398,0,0,0,0,0,0,49101.95772,17838.39803,0,0,0,0
1,8,0.95,1600000,64000,48,332750,50205.26681,336793.6648,0,0,0,0,0,0,0,46161.60197,4043.664836,0,0,0
1,9,0.95,1600000,49146.29824,48,381896.2982,46021.49457,382815.1594,0,0,0,0,0,0,0,0,45102.6334,918.8611699,0,0
1,10,0.95,1600000,35562.06399,48,417458.3622,35562.06399,418377.2234,0,0,0,0,0,0,0,0,0,34643.20282,918.8611699,0
1,11,0.95,1600000,33470.17787,48,450928.5401,33470.17787,451847.4013,0,0,0,0,0,0,0,0,0,0,32551.3167,918.8611699
1,12,0.95,1600000,33470.17787,48,484398.718,33470.17787,485317.5791,0,0,0,0,0,0,0,0,0,0,0,32551.3167
1,1,0.95,1700000,20000,49,20000,20918.86117,20918.86117,20000,918.8611699,0,0,0,0,0,0,0,0,0,0
1,2,0.95,1700000,15000,49,35000,23010.74729,43929.60846,0,14081.13883,8929.608457,0,0,0,0,0,0,0,0,0
1,3,0.95,1700000,24250,49,59250,25102.6334,69032.24186,0,0,15320.39154,9782.241861,0,0,0,0,0,0,0,0
1,4,0.95,1700000,37000,49,96250,41837.72234,110869.9642,0,0,0,27217.75814,14619.9642,0,0,0,0,0,0,0
1,5,0.95,1700000,47500,49,143750,46021.49457,156891.4588,0,0,0,0,32880.0358,13141.45877,0,0,0,0,0,0
1,6,0.95,1700000,61000,49,204750,62756.58351,219648.0423,0,0,0,0,0,47858.54123,14898.04228,0,0,0,0,0
1,7,0.95,1700000,64000,49,268750,66940.35574,286588.398,0,0,0,0,0,0,49101.95772,17838.39803,0,0,0,0
1,8,0.95,1700000,64000,49,332750,50205.26681,336793.6648,0,0,0,0,0,0,0,46161.60197,4043.664836,0,0,0
1,9,0.95,1700000,49146.29824,49,381896.2982,46021.49457,382815.1594,0,0,0,0,0,0,0,0,45102.6334,918.8611699,0,0
1,10,0.95,1700000,35562.06399,49,417458.3622,35562.06399,418377.2234,0,0,0,0,0,0,0,0,0,34643.20282,918.8611699,0
1,11,0.95,1700000,33470.17787,49,450928.5401,33470.17787,451847.4013,0,0,0,0,0,0,0,0,0,0,32551.3167,918.8611699
1,12,0.95,1700000,33470.17787,49,484398.718,33470.17787,485317.5791,0,0,0,0,0,0,0,0,0,0,0,32551.3167
1,1,0.95,1800000,20000,50,20000,20918.86117,20918.86117,20000,918.8611699,0,0,0,0,0,0,0,0,0,0
1,2,0.95,1800000,15000,50,35000,23010.74729,43929.60846,0,14081.13883,8929.608457,0,0,0,0,0,0,0,0,0
1,3,0.95,1800000,24250,50,59250,25102.6334,69032.24186,0,0,15320.39154,9782.241861,0,0,0,0,0,0,0,0
1,4,0.95,1800000,37000,50,96250,41837.72234,110869.9642,0,0,0,27217.75814,14619.9642,0,0,0,0,0,0,0
1,5,0.95,1800000,47500,50,143750,46021.49457,156891.4588,0,0,0,0,32880.0358,13141.45877,0,0,0,0,0,0
1,6,0.95,1800000,61000,50,204750,62756.58351,219648.0423,0,0,0,0,0,47858.54123,14898.04228,0,0,0,0,0
1,7,0.95,1800000,64000,50,268750,66940.35574,286588.398,0,0,0,0,0,0,49101.95772,17838.39803,0,0,0,0
1,8,0.95,1800000,64000,50,332750,50205.26681,336793.6648,0,0,0,0,0,0,0,46161.60197,4043.664836,0,0,0
1,9,0.95,1800000,49146.29824,50,381896.2982,46021.49457,382815.1594,0,0,0,0,0,0,0,0,45102.6334,918.8611699,0,0
1,10,0.95,1800000,35562.06399,50,417458.3622,35562.06399,418377.2234,0,0,0,0,0,0,0,0,0,34643.20282,918.8611699,0
1,11,0.95,1800000,33470.17787,50,450928.5401,33470.17787,451847.4013,0,0,0,0,0,0,0,0,0,0,32551.3167,918.8611699
1,12,0.95,1800000,33470.17787,50,484398.718,33470.17787,485317.5791,0,0,0,0,0,0,0,0,0,0,0,32551.3167
1,1,0.95,1900000,20000,51,20000,20918.86117,20918.86117,20000,918.8611699,0,0,0,0,0,0,0,0,0,0
1,2,0.95,1900000,15000,51,35000,23010.74729,43929.60846,0,14081.13883,8929.608457,0,0,0,0,0,0,0,0,0
1,3,0.95,1900000,24250,51,59250,25102.6334,69032.24186,0,0,15320.39154,9782.241861,0,0,0,0,0,0,0,0
1,4,0.95,1900000,37000,51,96250,41837.72234,110869.9642,0,0,0,27217.75814,14619.9642,0,0,0,0,0,0,0
1,5,0.95,1900000,47500,51,143750,46021.49457,156891.4588,0,0,0,0,32880.0358,13141.45877,0,0,0,0,0,0
1,6,0.95,1900000,61000,51,204750,62756.58351,219648.0423,0,0,0,0,0,47858.54123,14898.04228,0,0,0,0,0
1,7,0.95,1900000,64000,51,268750,66940.35574,286588.398,0,0,0,0,0,0,49101.95772,17838.39803,0,0,0,0
1,8,0.95,1900000,64000,51,332750,50205.26681,336793.6648,0,0,0,0,0,0,0,46161.60197,4043.664836,0,0,0
1,9,0.95,1900000,49146.29824,51,381896.2982,46021.49457,382815.1594,0,0,0,0,0,0,0,0,45102.6334,918.8611699,0,0
1,10,0.95,1900000,35562.06399,51,417458.3622,35562.06399,418377.2234,0,0,0,0,0,0,0,0,0,34643.20282,918.8611699,0
1,11,0.95,1900000,33470.17787,51,450928.5401,33470.17787,451847.4013,0,0,0,0,0,0,0,0,0,0,32551.3167,918.8611699
1,12,0.95,1900000,33470.17787,51,484398.718,33470.17787,485317.5791,0,0,0,0,0,0,0,0,0,0,0,32551.3167