unique_id,time_interval,units_fulfilled,incoming_demand,1,2,3,4,5,6,7,8,9,10,11,12,units_UNfulfilled
0.0,1.0,17500.0,17500.0,17500.0,0.0,0.0,0.0,0.0,0.0,0.0,0.0,0.0,0.0,0.0,0.0,0.0
0.0,2.0,19250.000000000015,19250.0,0.0,19250.0,0.0,0.0,0.0,0.0,0.0,0.0,0.0,0.0,0.0,0.0,0.0
0.0,3.0,20999.99999999999,21000.0,0.0,1.4551915228366852e-11,20999.999999999985,0.0,0.0,0.0,0.0,0.0,0.0,0.0,0.0,0.0,0.0
0.0,4.0,34499.99999999997,35000.0,0.0,0.0,3.637978807091713e-12,34499.99999999997,500.0000000000291,0.0,0.0,0.0,0.0,0.0,0.0,0.0,0.0
0.0,5.0,39000.0,38500.0,0.0,0.0,0.0,0.0,38499.99999999997,2.9103830456733704e-11,0.0,0.0,0.0,0.0,0.0,0.0,0.0
0.0,6.0,33454.16666666667,52500.0,0.0,0.0,0.0,0.0,0.0,33454.16666666664,17979.166666666693,1066.6666666666642,0.0,0.0,0.0,0.0,0.0
0.0,7.0,17979.166666666693,56000.0,0.0,0.0,0.0,0.0,0.0,0.0,0.0,5054.166666666676,595.833333333333,0.0,-4.04853764291162e-12,0.0,50349.99999999999
0.0,8.0,6120.83333333334,42000.0,0.0,0.0,0.0,0.0,0.0,0.0,0.0,0.0,0.0,0.0,0.0,0.0,42000.0
0.0,9.0,595.833333333333,38500.0,0.0,0.0,0.0,0.0,0.0,0.0,0.0,0.0,0.0,0.0,0.0,0.0,38500.0
0.0,10.0,0.0,29750.0,0.0,0.0,0.0,0.0,0.0,0.0,0.0,0.0,0.0,0.0,0.0,0.0,29750.0
0.0,11.0,-4.04853764291162e-12,28000.0,0.0,0.0,0.0,0.0,0.0,0.0,0.0,0.0,0.0,0.0,0.0,0.0,28000.0
0.0,12.0,0.0,28000.0,0.0,0.0,0.0,0.0,0.0,0.0,0.0,0.0,0.0,0.0,0.0,0.0,28000.0
1.0,1.0,17500.0,17500.0,17500.0,0.0,0.0,0.0,0.0,0.0,0.0,0.0,0.0,0.0,0.0,0.0,0.0
1.0,2.0,19249.99999999986,19250.0,0.0,19249.99999999986,1.382431946694851e-10,0.0,0.0,0.0,0.0,0.0,0.0,0.0,0.0,0.0,0.0
1.0,3.0,20999.99999999999,21000.0,0.0,0.0,20999.99999999985,1.4915713109076023e-10,0.0,0.0,0.0,0.0,0.0,0.0,0.0,0.0,0.0
1.0,4.0,31277.777777777803,35000.0,0.0,0.0,0.0,31277.777777777654,3722.2222222223463,0.0,0.0,0.0,0.0,0.0,0.0,0.0,0.0
1.0,5.0,42222.222222222204,38500.0,0.0,0.0,0.0,0.0,38499.999999999854,1.4551915228366852e-10,0.0,0.0,0.0,0.0,0.0,0.0,0.0
1.0,6.0,49999.99999999999,52500.0,0.0,0.0,0.0,0.0,0.0,49999.99999999985,2500.000000000153,0.0,0.0,0.0,0.0,0.0,0.0
1.0,7.0,44126.388888888876,56000.0,0.0,0.0,0.0,0.0,0.0,0.0,41626.38888888872,14373.611111111277,0.0,0.0,0.0,0.0,0.0
1.0,8.0,26192.129629629628,42000.0,0.0,0.0,0.0,0.0,0.0,0.0,0.0,11818.51851851835,9515.2777777778,1671.75925925926,2.08375546268509e-11,0.0,18994.44444444457
1.0,9.0,9515.2777777778,38500.0,0.0,0.0,0.0,0.0,0.0,0.0,0.0,0.0,0.0,0.0,0.0,0.0,38500.0
1.0,10.0,1671.75925925926,29750.0,0.0,0.0,0.0,0.0,0.0,0.0,0.0,0.0,0.0,0.0,0.0,0.0,29750.0
1.0,11.0,2.08375546268509e-11,28000.0,0.0,0.0,0.0,0.0,0.0,0.0,0.0,0.0,0.0,0.0,0.0,0.0,28000.0
1.0,12.0,0.0,28000.0,0.0,0.0,0.0,0.0,0.0,0.0,0.0,0.0,0.0,0.0,0.0,0.0,28000.0
2.0,1.0,17500.0,17500.0,17500.0,0.0,0.0,0.0,0.0,0.0,0.0,0.0,0.0,0.0,0.0,0.0,0.0
2.0,2.0,19249.999999999953,19250.0,0.0,19249.999999999953,4.729372449219227e-11,0.0,0.0,0.0,0.0,0.0,0.0,0.0,0.0,0.0,0.0
2.0,3.0,20999.99999999999,21000.0,0.0,0.0,20999.99999999994,5.820766091346741e-11,0.0,0.0,0.0,0.0,0.0,0.0,0.0,0.0,0.0
2.0,4.0,29972.22222222222,35000.0,0.0,0.0,0.0,29972.22222222216,5027.777777777839,0.0,0.0,0.0,0.0,0.0,0.0,0.0,0.0
2.0,5.0,43527.777777777796,38500.0,0.0,0.0,0.0,0.0,38499.999999999956,4.3655745685100555e-11,0.0,0.0,0.0,0.0,0.0,0.0,0.0
2.0,6.0,49999.9999999999,52500.0,0.0,0.0,0.0,0.0,0.0,49999.999999999854,2500.0000000001455,0.0,0.0,0.0,0.0,0.0,0.0
2.0,7.0,49999.99999999998,56000.0,0.0,0.0,0.0,0.0,0.0,0.0,47499.99999999983,8500.000000000167,0.0,0.0,0.0,0.0,0.0
2.0,8.0,50000.0,42000.0,0.0,0.0,0.0,0.0,0.0,0.0,0.0,41499.99999999983,500.00000000016735,0.0,0.0,0.0,0.0
2.0,9.0,36777.7777777777,38500.0,0.0,0.0,0.0,0.0,0.0,0.0,0.0,0.0,36277.77777777753,2222.2222222224664,0.0,0.0,0.0
2.0,10.0,16217.59259259246,29750.0,0.0,0.0,0.0,0.0,0.0,0.0,0.0,0.0,0.0,13995.370370369994,3930.55555555553,18.518518518512163,11805.555555555966
2.0,11.0,3930.55555555553,28000.0,0.0,0.0,0.0,0.0,0.0,0.0,0.0,0.0,0.0,0.0,0.0,0.0,28000.0
2.0,12.0,18.518518518512163,28000.0,0.0,0.0,0.0,0.0,0.0,0.0,0.0,0.0,0.0,0.0,0.0,0.0,28000.0
3.0,1.0,17500.0,17500.0,17500.0,0.0,0.0,0.0,0.0,0.0,0.0,0.0,0.0,0.0,0.0,0.0,0.0
3.0,2.0,19249.99999999997,19250.0,0.0,19249.99999999997,2.9103830456733704e-11,0.0,0.0,0.0,0.0,0.0,0.0,0.0,0.0,0.0,0.0
3.0,3.0,20999.99999999999,21000.0,0.0,0.0,20999.99999999996,4.001776687800884e-11,0.0,0.0,0.0,0.0,0.0,0.0,0.0,0.0,0.0
3.0,4.0,28810.10928961748,35000.0,0.0,0.0,0.0,28810.10928961744,6189.890710382559,0.0,0.0,0.0,0.0,0.0,0.0,0.0,0.0
3.0,5.0,44689.890710382504,38500.0,0.0,0.0,0.0,0.0,38499.99999999994,5.820766091346741e-11,0.0,0.0,0.0,0.0,0.0,0.0,0.0
3.0,6.0,50000.0,52500.0,0.0,0.0,0.0,0.0,0.0,49999.99999999994,2500.000000000058,0.0,0.0,0.0,0.0,0.0,0.0
3.0,7.0,49999.999999999985,56000.0,0.0,0.0,0.0,0.0,0.0,0.0,47499.99999999993,8500.000000000073,0.0,0.0,0.0,0.0,0.0
3.0,8.0,49999.99999999979,42000.0,0.0,0.0,0.0,0.0,0.0,0.0,0.0,41499.999999999716,500.00000000028376,0.0,0.0,0.0,0.0
3.0,9.0,39000.000000000306,38500.0,0.0,0.0,0.0,0.0,0.0,0.0,0.0,0.0,38500.0,0.0,0.0,0.0,0.0
3.0,10.0,29750.0,29750.0,0.0,0.0,0.0,0.0,0.0,0.0,0.0,0.0,2.1827872842550278e-11,29749.999999999978,0.0,0.0,0.0
3.0,11.0,27999.99999999901,28000.0,0.0,0.0,0.0,0.0,0.0,0.0,0.0,0.0,0.0,2.1827872842550278e-11,27999.99999999901,9.677023626863956e-10,0.0
3.0,12.0,28000.00000000051,28000.0,0.0,0.0,0.0,0.0,0.0,0.0,0.0,0.0,0.0,0.0,0.0,27999.99999999954,4.5838532969355583e-10
4.0,1.0,17500.0,17500.0,17500.0,0.0,0.0,0.0,0.0,0.0,0.0,0.0,0.0,0.0,0.0,0.0,0.0
4.0,2.0,19250.00000000004,19250.0,0.0,19250.0,0.0,0.0,0.0,0.0,0.0,0.0,0.0,0.0,0.0,0.0,0.0
4.0,3.0,20999.99999999997,21000.0,0.0,4.001776687800884e-11,20999.99999999996,0.0,0.0,0.0,0.0,0.0,0.0,0.0,0.0,0.0,0.0
4.0,4.0,26000.00000000003,35000.0,0.0,0.0,1.0913936421275139e-11,26000.00000000003,8999.99999999996,0.0,0.0,0.0,0.0,0.0,0.0,0.0,0.0
4.0,5.0,47000.0,38500.0,0.0,0.0,0.0,0.0,38000.000000000044,499.99999999995634,0.0,0.0,0.0,0.0,0.0,0.0,0.0
4.0,6.0,50000.0,52500.0,0.0,0.0,0.0,0.0,0.0,49500.000000000044,2999.9999999999563,0.0,0.0,0.0,0.0,0.0,0.0
4.0,7.0,50000.0,56000.0,0.0,0.0,0.0,0.0,0.0,0.0,47000.000000000044,8999.999999999956,0.0,0.0,0.0,0.0,0.0
4.0,8.0,50000.0,42000.0,0.0,0.0,0.0,0.0,0.0,0.0,0.0,41000.000000000044,999.9999999999563,0.0,0.0,0.0,0.0
4.0,9.0,39500.0,38500.0,0.0,0.0,0.0,0.0,0.0,0.0,0.0,0.0,38500.0,0.0,0.0,0.0,0.0
4.0,10.0,29750.00000000001,29750.0,0.0,0.0,0.0,0.0,0.0,0.0,0.0,0.0,4.3655745685100555e-11,29749.999999999956,0.0,0.0,0.0
4.0,11.0,28000.000000000022,28000.0,0.0,0.0,0.0,0.0,0.0,0.0,0.0,0.0,0.0,5.4569682106375694e-11,27999.999999999945,0.0,0.0
4.0,12.0,27999.999999999967,28000.0,0.0,0.0,0.0,0.0,0.0,0.0,0.0,0.0,0.0,0.0,7.639755494892597e-11,27999.999999999924,0.0
5.0,1.0,18964.466094067262,18964.466094067262,18964.466094067262,0.0,0.0,0.0,0.0,0.0,0.0,0.0,0.0,0.0,0.0,0.0,0.0
5.0,2.0,20860.912703474023,20860.91270347399,0.0,20860.91270347399,0.0,0.0,0.0,0.0,0.0,0.0,0.0,0.0,0.0,0.0,0.0
5.0,3.0,22757.35931288069,22757.359312880715,0.0,3.2741809263825417e-11,22757.359312880682,0.0,0.0,0.0,0.0,0.0,0.0,0.0,0.0,0.0,0.0
5.0,4.0,37928.9321881345,37928.932188134524,0.0,0.0,7.275957614183426e-12,37928.9321881345,1.4551915228366852e-11,0.0,0.0,0.0,0.0,0.0,0.0,0.0,0.0
5.0,5.0,41721.82540694797,41721.82540694798,0.0,0.0,0.0,0.0,41721.82540694796,2.1827872842550278e-11,0.0,0.0,0.0,0.0,0.0,0.0,0.0
5.0,6.0,32904.99188139147,56893.398282201786,0.0,0.0,0.0,0.0,0.0,32904.99188139145,17063.875357874596,5571.65854805812,412.775071574925,0.0,1.89506017327778e-12,0.0,940.0974233026936
5.0,7.0,17063.875357874596,60686.291501015236,0.0,0.0,0.0,0.0,0.0,0.0,0.0,0.0,0.0,0.0,0.0,0.0,60686.291501015236
5.0,8.0,5571.65854805812,45514.71862576143,0.0,0.0,0.0,0.0,0.0,0.0,0.0,0.0,0.0,0.0,0.0,0.0,45514.71862576143
5.0,9.0,412.775071574925,41721.82540694798,0.0,0.0,0.0,0.0,0.0,0.0,0.0,0.0,0.0,0.0,0.0,0.0,41721.82540694798
5.0,10.0,0.0,32239.592359914346,0.0,0.0,0.0,0.0,0.0,0.0,0.0,0.0,0.0,0.0,0.0,0.0,32239.592359914346
5.0,11.0,1.89506017327778e-12,30343.145750507618,0.0,0.0,0.0,0.0,0.0,0.0,0.0,0.0,0.0,0.0,0.0,0.0,30343.145750507618
5.0,12.0,0.0,30343.145750507618,0.0,0.0,0.0,0.0,0.0,0.0,0.0,0.0,0.0,0.0,0.0,0.0,30343.145750507618
6.0,1.0,18964.466094067262,18964.466094067262,18964.466094067262,0.0,0.0,0.0,0.0,0.0,0.0,0.0,0.0,0.0,0.0,0.0,0.0
6.0,2.0,20860.912703473943,20860.91270347399,0.0,20860.912703473943,4.729372449219227e-11,0.0,0.0,0.0,0.0,0.0,0.0,0.0,0.0,0.0,0.0
6.0,3.0,22757.35931288069,22757.359312880715,0.0,0.0,22757.359312880642,7.275957614183426e-11,0.0,0.0,0.0,0.0,0.0,0.0,0.0,0.0,0.0
6.0,4.0,37428.53537286032,37928.932188134524,0.0,0.0,0.0,37428.53537286025,500.39681527427456,0.0,0.0,0.0,0.0,0.0,0.0,0.0,0.0
6.0,5.0,42222.222222222204,41721.82540694798,0.0,0.0,0.0,0.0,41721.82540694793,5.093170329928398e-11,0.0,0.0,0.0,0.0,0.0,0.0,0.0
6.0,6.0,49999.99999999998,56893.398282201786,0.0,0.0,0.0,0.0,0.0,49999.99999999993,6893.398282201859,0.0,0.0,0.0,0.0,0.0,0.0
6.0,7.0,43577.21410361369,60686.291501015236,0.0,0.0,0.0,0.0,0.0,0.0,36683.81582141183,24002.475679603405,0.0,0.0,0.0,0.0,0.0
6.0,8.0,25276.838320837633,45514.71862576143,0.0,0.0,0.0,0.0,0.0,0.0,0.0,1274.3626412342273,8966.10299250258,1488.70099750085,8.02758252018026e-12,0.0,33785.55199452377
6.0,9.0,8966.10299250258,41721.82540694798,0.0,0.0,0.0,0.0,0.0,0.0,0.0,0.0,0.0,0.0,0.0,0.0,41721.82540694798
6.0,10.0,1488.70099750085,32239.592359914346,0.0,0.0,0.0,0.0,0.0,0.0,0.0,0.0,0.0,0.0,0.0,0.0,32239.592359914346
6.0,11.0,8.02758252018026e-12,30343.145750507618,0.0,0.0,0.0,0.0,0.0,0.0,0.0,0.0,0.0,0.0,0.0,0.0,30343.145750507618
6.0,12.0,0.0,30343.145750507618,0.0,0.0,0.0,0.0,0.0,0.0,0.0,0.0,0.0,0.0,0.0,0.0,30343.145750507618
7.0,1.0,18964.466094067262,18964.466094067262,18964.466094067262,0.0,0.0,0.0,0.0,0.0,0.0,0.0,0.0,0.0,0.0,0.0,0.0
7.0,2.0,20860.912703473994,20860.91270347399,0.0,20860.91270347399,0.0,0.0,0.0,0.0,0.0,0.0,0.0,0.0,0.0,0.0,0.0
7.0,3.0,22757.35931288069,22757.359312880715,0.0,3.637978807091713e-12,22757.35931288069,2.1827872842550278e-11,0.0,0.0,0.0,0.0,0.0,0.0,0.0,0.0,0.0
7.0,4.0,36122.97981730477,37928.932188134524,0.0,0.0,0.0,36122.979817304746,1805.9523708297784,0.0,0.0,0.0,0.0,0.0,0.0,0.0,0.0
7.0,5.0,43527.7777777777,41721.82540694798,0.0,0.0,0.0,0.0,41721.82540694792,5.820766091346741e-11,0.0,0.0,0.0,0.0,0.0,0.0,0.0
7.0,6.0,50000.0,56893.398282201786,0.0,0.0,0.0,0.0,0.0,49999.99999999994,6893.398282201844,0.0,0.0,0.0,0.0,0.0,0.0
7.0,7.0,49999.999999999956,60686.291501015236,0.0,0.0,0.0,0.0,0.0,0.0,43106.60171779811,17579.689783217123,0.0,0.0,0.0,0.0,0.0
7.0,8.0,49999.99999999999,45514.71862576143,0.0,0.0,0.0,0.0,0.0,0.0,0.0,32420.31021678287,13094.408408978561,0.0,0.0,0.0,0.0
7.0,9.0,36191.4488569322,41721.82540694798,0.0,0.0,0.0,0.0,0.0,0.0,0.0,0.0,23097.040447953637,15806.53598082596,2818.2489781683835,0.0,0.0
7.0,10.0,15806.53598082596,32239.592359914346,0.0,0.0,0.0,0.0,0.0,0.0,0.0,0.0,0.0,0.0,950.5963487736362,1.85140254500694e-12,31288.99601114071
7.0,11.0,3768.8453269420197,30343.145750507618,0.0,0.0,0.0,0.0,0.0,0.0,0.0,0.0,0.0,0.0,0.0,0.0,30343.145750507618
7.0,12.0,1.85140254500694e-12,30343.145750507618,0.0,0.0,0.0,0.0,0.0,0.0,0.0,0.0,0.0,0.0,0.0,0.0,30343.145750507618
8.0,1.0,18964.466094067262,18964.466094067262,18964.466094067262,0.0,0.0,0.0,0.0,0.0,0.0,0.0,0.0,0.0,0.0,0.0,0.0
8.0,2.0,20860.91270347396,20860.91270347399,0.0,20860.91270347396,2.9103830456733704e-11,0.0,0.0,0.0,0.0,0.0,0.0,0.0,0.0,0.0,0.0
8.0,3.0,22757.35931288069,22757.359312880715,0.0,0.0,22757.35931288066,5.4569682106375694e-11,0.0,0.0,0.0,0.0,0.0,0.0,0.0,0.0,0.0
8.0,4.0,36122.97981730473,37928.932188134524,0.0,0.0,0.0,36122.97981730467,1805.9523708298511,0.0,0.0,0.0,0.0,0.0,0.0,0.0,0.0
8.0,5.0,43527.777777777796,41721.82540694798,0.0,0.0,0.0,0.0,41721.825406947944,3.637978807091713e-11,0.0,0.0,0.0,0.0,0.0,0.0,0.0
8.0,6.0,50000.0,56893.398282201786,0.0,0.0,0.0,0.0,0.0,49999.99999999996,6893.398282201822,0.0,0.0,0.0,0.0,0.0,0.0
8.0,7.0,49999.99999999994,60686.291501015236,0.0,0.0,0.0,0.0,0.0,0.0,43106.60171779812,17579.689783217116,0.0,0.0,0.0,0.0,0.0
8.0,8.0,50000.0,45514.71862576143,0.0,0.0,0.0,0.0,0.0,0.0,0.0,32420.310216782884,13094.408408978547,0.0,0.0,0.0,0.0
8.0,9.0,50000.0,41721.82540694798,0.0,0.0,0.0,0.0,0.0,0.0,0.0,0.0,36905.59159102145,4816.233815926527,0.0,0.0,0.0
8.0,10.0,37055.8261758407,32239.592359914346,0.0,0.0,0.0,0.0,0.0,0.0,0.0,0.0,0.0,32239.592359914175,1.709850039333105e-10,0.0,0.0
8.0,11.0,30343.14575050776,30343.145750507618,0.0,0.0,0.0,0.0,0.0,0.0,0.0,0.0,0.0,0.0,30343.14575050759,2.9103830456733704e-11,0.0
8.0,12.0,16586.461268383242,30343.145750507618,0.0,0.0,0.0,0.0,0.0,0.0,0.0,0.0,0.0,0.0,0.0,16586.461268383213,13756.684482124405
9.0,1.0,18964.466094067262,18964.466094067262,18964.466094067262,0.0,0.0,0.0,0.0,0.0,0.0,0.0,0.0,0.0,0.0,0.0,0.0
9.0,2.0,20860.912703473983,20860.91270347399,0.0,20860.912703473983,7.275957614183426e-12,0.0,0.0,0.0,0.0,0.0,0.0,0.0,0.0,0.0,0.0
9.0,3.0,22757.35931288067,22757.359312880715,0.0,0.0,22757.359312880664,5.093170329928398e-11,0.0,0.0,0.0,0.0,0.0,0.0,0.0,0.0,0.0
9.0,4.0,32650.75759508254,37928.932188134524,0.0,0.0,0.0,32650.75759508249,5278.174593052034,0.0,0.0,0.0,0.0,0.0,0.0,0.0,0.0
9.0,5.0,47000.0,41721.82540694798,0.0,0.0,0.0,0.0,41721.825406947966,1.4551915228366852e-11,0.0,0.0,0.0,0.0,0.0,0.0,0.0
9.0,6.0,50000.0,56893.398282201786,0.0,0.0,0.0,0.0,0.0,49999.999999999985,6893.398282201801,0.0,0.0,0.0,0.0,0.0,0.0
9.0,7.0,49999.999999999905,60686.291501015236,0.0,0.0,0.0,0.0,0.0,0.0,43106.601717798105,17579.68978321713,0.0,0.0,0.0,0.0,0.0
9.0,8.0,49999.9999999999,45514.71862576143,0.0,0.0,0.0,0.0,0.0,0.0,0.0,32420.310216782767,13094.408408978663,0.0,0.0,0.0,0.0
9.0,9.0,49999.9999999999,41721.82540694798,0.0,0.0,0.0,0.0,0.0,0.0,0.0,0.0,36905.591591021235,4816.233815926746,0.0,0.0,0.0
9.0,10.0,37055.826175840804,32239.592359914346,0.0,0.0,0.0,0.0,0.0,0.0,0.0,0.0,0.0,32239.59235991406,2.874003257602453e-10,0.0,0.0
9.0,11.0,30343.14575050765,30343.145750507618,0.0,0.0,0.0,0.0,0.0,0.0,0.0,0.0,0.0,0.0,30343.145750507363,2.546585164964199e-10,0.0
9.0,12.0,30343.145750507538,30343.145750507618,0.0,0.0,0.0,0.0,0.0,0.0,0.0,0.0,0.0,0.0,0.0,30343.145750507283,3.346940502524376e-10
10.0,1.0,20000.00000000001,20918.86116991581,20000.00000000001,918.8611699157991,0.0,0.0,0.0,0.0,0.0,0.0,0.0,0.0,0.0,0.0,0.0
10.0,2.0,23010.7472869074,23010.747286907394,0.0,22091.8861169916,918.8611699157918,0.0,0.0,0.0,0.0,0.0,0.0,0.0,0.0,0.0,0.0
10.0,3.0,25102.633403898988,25102.63340389897,0.0,0.0,24183.772233983196,918.8611699157736,0.0,0.0,0.0,0.0,0.0,0.0,0.0,0.0,0.0
10.0,4.0,41837.72233983161,41837.72233983162,0.0,0.0,0.0,40918.861169915835,918.8611699157846,0.0,0.0,0.0,0.0,0.0,0.0,0.0,0.0
10.0,5.0,46021.49457381479,46021.49457381479,0.0,0.0,0.0,0.0,45102.633403899,918.8611699157846,0.0,0.0,0.0,0.0,0.0,0.0,0.0
10.0,6.0,32218.03678644407,62756.58350974743,0.0,0.0,0.0,0.0,0.0,31299.175616528286,15918.950199628895,4884.7034531107,183.790039925787,0.0,-2.17501224433018e-12,0.0,10469.96420055376
10.0,7.0,15918.950199628895,66940.35574373059,0.0,0.0,0.0,0.0,0.0,0.0,0.0,0.0,0.0,0.0,0.0,0.0,66940.35574373059
10.0,8.0,4884.7034531107,50205.26680779794,0.0,0.0,0.0,0.0,0.0,0.0,0.0,0.0,0.0,0.0,0.0,0.0,50205.26680779794
10.0,9.0,183.790039925787,46021.49457381479,0.0,0.0,0.0,0.0,0.0,0.0,0.0,0.0,0.0,0.0,0.0,0.0,46021.49457381479
10.0,10.0,0.0,35562.06398885688,0.0,0.0,0.0,0.0,0.0,0.0,0.0,0.0,0.0,0.0,0.0,0.0,35562.06398885688
10.0,11.0,-2.17501224433018e-12,33470.17787186529,0.0,0.0,0.0,0.0,0.0,0.0,0.0,0.0,0.0,0.0,0.0,0.0,33470.17787186529
10.0,12.0,0.0,33470.17787186529,0.0,0.0,0.0,0.0,0.0,0.0,0.0,0.0,0.0,0.0,0.0,0.0,33470.17787186529
11.0,1.0,20000.00000000001,20918.86116991581,20000.00000000001,918.8611699157991,0.0,0.0,0.0,0.0,0.0,0.0,0.0,0.0,0.0,0.0,0.0
11.0,2.0,23010.7472869074,23010.747286907394,0.0,22091.8861169916,918.8611699157918,0.0,0.0,0.0,0.0,0.0,0.0,0.0,0.0,0.0,0.0
11.0,3.0,25102.63340389893,25102.63340389897,0.0,0.0,24183.772233983138,918.8611699158319,0.0,0.0,0.0,0.0,0.0,0.0,0.0,0.0,0.0
11.0,4.0,41837.72233983163,41837.72233983162,0.0,0.0,0.0,40918.86116991579,918.8611699158282,0.0,0.0,0.0,0.0,0.0,0.0,0.0,0.0
11.0,5.0,46021.4945738148,46021.49457381479,0.0,0.0,0.0,0.0,45102.63340389897,918.8611699158137,0.0,0.0,0.0,0.0,0.0,0.0,0.0
11.0,6.0,50000.0,62756.58350974743,0.0,0.0,0.0,0.0,0.0,49081.138830084186,13675.44467966324,0.0,0.0,0.0,0.0,0.0,0.0
11.0,7.0,38901.02303949403,66940.35574373059,0.0,0.0,0.0,0.0,0.0,0.0,25225.57835983079,24448.519191891268,9988.8204557718,2462.81887718935,-7.17358437973555e-12,0.0,4814.61885904739
11.0,8.0,24448.519191891268,50205.26680779794,0.0,0.0,0.0,0.0,0.0,0.0,0.0,0.0,0.0,0.0,0.0,0.0,50205.26680779794
11.0,9.0,9988.8204557718,46021.49457381479,0.0,0.0,0.0,0.0,0.0,0.0,0.0,0.0,0.0,0.0,0.0,0.0,46021.49457381479
11.0,10.0,2462.81887718935,35562.06398885688,0.0,0.0,0.0,0.0,0.0,0.0,0.0,0.0,0.0,0.0,0.0,0.0,35562.06398885688
11.0,11.0,-7.17358437973555e-12,33470.17787186529,0.0,0.0,0.0,0.0,0.0,0.0,0.0,0.0,0.0,0.0,0.0,0.0,33470.17787186529
11.0,12.0,0.0,33470.17787186529,0.0,0.0,0.0,0.0,0.0,0.0,0.0,0.0,0.0,0.0,0.0,0.0,33470.17787186529
12.0,1.0,20000.00000000001,20918.86116991581,20000.00000000001,918.8611699157991,0.0,0.0,0.0,0.0,0.0,0.0,0.0,0.0,0.0,0.0,0.0
12.0,2.0,23010.7472869074,23010.747286907394,0.0,22091.8861169916,918.8611699157918,0.0,0.0,0.0,0.0,0.0,0.0,0.0,0.0,0.0,0.0
12.0,3.0,25102.633403898973,25102.63340389897,0.0,0.0,24183.77223398318,918.8611699157882,0.0,0.0,0.0,0.0,0.0,0.0,0.0,0.0,0.0
12.0,4.0,41837.7223398313,41837.72233983162,0.0,0.0,0.0,40918.861169915515,918.8611699161047,0.0,0.0,0.0,0.0,0.0,0.0,0.0,0.0
12.0,5.0,46021.494573814874,46021.49457381479,0.0,0.0,0.0,0.0,45102.63340389877,918.8611699160174,0.0,0.0,0.0,0.0,0.0,0.0,0.0
12.0,6.0,50000.0,62756.58350974743,0.0,0.0,0.0,0.0,0.0,49081.13883008398,13675.444679663444,0.0,0.0,0.0,0.0,0.0,0.0
12.0,7.0,49999.99999999998,66940.35574373059,0.0,0.0,0.0,0.0,0.0,0.0,36324.555320336534,30615.800423394052,0.0,0.0,0.0,0.0,0.0
12.0,8.0,50000.00000000004,50205.26680779794,0.0,0.0,0.0,0.0,0.0,0.0,0.0,19384.199576605984,30821.067231191955,0.0,0.0,0.0,0.0
12.0,9.0,35452.7874645157,46021.49457381479,0.0,0.0,0.0,0.0,0.0,0.0,0.0,0.0,4631.720233323744,15363.339145376049,3621.11304845871,0.0,22405.322146656283
12.0,10.0,15363.339145376049,35562.06398885688,0.0,0.0,0.0,0.0,0.0,0.0,0.0,0.0,0.0,0.0,0.0,0.0,35562.06398885688
12.0,11.0,3621.11304845871,33470.17787186529,0.0,0.0,0.0,0.0,0.0,0.0,0.0,0.0,0.0,0.0,0.0,0.0,33470.17787186529
12.0,12.0,0.0,33470.17787186529,0.0,0.0,0.0,0.0,0.0,0.0,0.0,0.0,0.0,0.0,0.0,0.0,33470.17787186529
13.0,1.0,20000.00000000001,20918.86116991581,20000.00000000001,918.8611699157991,0.0,0.0,0.0,0.0,0.0,0.0,0.0,0.0,0.0,0.0,0.0
13.0,2.0,23010.7472869074,23010.747286907394,0.0,22091.8861169916,918.8611699157918,0.0,0.0,0.0,0.0,0.0,0.0,0.0,0.0,0.0,0.0
13.0,3.0,25102.63340389901,25102.63340389897,0.0,0.0,24183.772233983218,918.8611699157518,0.0,0.0,0.0,0.0,0.0,0.0,0.0,0.0,0.0
13.0,4.0,41837.722339831715,41837.72233983162,0.0,0.0,0.0,40918.86116991597,918.8611699156536,0.0,0.0,0.0,0.0,0.0,0.0,0.0,0.0
13.0,5.0,46021.494573814714,46021.49457381479,0.0,0.0,0.0,0.0,45102.63340389906,918.8611699157264,0.0,0.0,0.0,0.0,0.0,0.0,0.0
13.0,6.0,50000.0,62756.58350974743,0.0,0.0,0.0,0.0,0.0,49081.138830084274,13675.444679663153,0.0,0.0,0.0,0.0,0.0,0.0
13.0,7.0,49999.999999999985,66940.35574373059,0.0,0.0,0.0,0.0,0.0,0.0,36324.55532033683,30615.800423393754,0.0,0.0,0.0,0.0,0.0
13.0,8.0,50000.0,50205.26680779794,0.0,0.0,0.0,0.0,0.0,0.0,0.0,19384.199576606246,30821.067231191693,0.0,0.0,0.0,0.0
13.0,9.0,50000.000000000095,46021.49457381479,0.0,0.0,0.0,0.0,0.0,0.0,0.0,0.0,19178.9327688084,26842.561805006386,0.0,0.0,0.0
13.0,10.0,45329.6108605182,35562.06398885688,0.0,0.0,0.0,0.0,0.0,0.0,0.0,0.0,0.0,18487.049055511816,17075.01493334506,0.0,0.0
13.0,11.0,28944.413162591965,33470.17787186529,0.0,0.0,0.0,0.0,0.0,0.0,0.0,0.0,0.0,0.0,11869.398229246905,11500.90715681443,10099.872485803957
13.0,12.0,11500.90715681443,33470.17787186529,0.0,0.0,0.0,0.0,0.0,0.0,0.0,0.0,0.0,0.0,0.0,0.0,33470.17787186529
14.0,1.0,20000.00000000001,20918.86116991581,20000.00000000001,918.8611699157991,0.0,0.0,0.0,0.0,0.0,0.0,0.0,0.0,0.0,0.0,0.0
14.0,2.0,23010.7472869074,23010.747286907394,0.0,22091.8861169916,918.8611699157918,0.0,0.0,0.0,0.0,0.0,0.0,0.0,0.0,0.0,0.0
14.0,3.0,25102.633403898963,25102.63340389897,0.0,0.0,24183.77223398317,918.8611699157991,0.0,0.0,0.0,0.0,0.0,0.0,0.0,0.0,0.0
14.0,4.0,41837.72233983154,41837.72233983162,0.0,0.0,0.0,40918.86116991574,918.8611699158791,0.0,0.0,0.0,0.0,0.0,0.0,0.0,0.0
14.0,5.0,46021.494573814896,46021.49457381479,0.0,0.0,0.0,0.0,45102.63340389902,918.86116991577,0.0,0.0,0.0,0.0,0.0,0.0,0.0
14.0,6.0,50000.0,62756.58350974743,0.0,0.0,0.0,0.0,0.0,49081.13883008423,13675.444679663196,0.0,0.0,0.0,0.0,0.0,0.0
14.0,7.0,48690.18094019518,66940.35574373059,0.0,0.0,0.0,0.0,0.0,0.0,35014.73626053199,31925.6194831986,0.0,0.0,0.0,0.0,0.0
14.0,8.0,49999.99999999998,50205.26680779794,0.0,0.0,0.0,0.0,0.0,0.0,0.0,18074.38051680138,32130.88629099656,0.0,0.0,0.0,0.0
14.0,9.0,50000.000000000065,46021.49457381479,0.0,0.0,0.0,0.0,0.0,0.0,0.0,0.0,17869.113709003504,28152.380864811283,0.0,0.0,0.0
14.0,10.0,50000.0000000001,35562.06398885688,0.0,0.0,0.0,0.0,0.0,0.0,0.0,0.0,0.0,21847.61913518882,13714.444853668057,0.0,0.0
14.0,11.0,46265.7615556178,33470.17787186529,0.0,0.0,0.0,0.0,0.0,0.0,0.0,0.0,0.0,0.0,32551.31670194974,918.8611699155517,0.0
14.0,12.0,33470.177871865286,33470.17787186529,0.0,0.0,0.0,0.0,0.0,0.0,0.0,0.0,0.0,0.0,0.0,32551.316701949734,918.861169915559
